lag_deg,ACF_Mesarthim,ACF_Sun,ACF_Moon,ACF_Mercury,ACF_Venus,ACF_Mars,ACF_Jupiter,ACF_Saturn,ACF_Uranus,ACF_Neptune,ACF_Pluto,ACF_Rahu,in_astro_lag,sig_Mesarthim,sig_Sun,sig_Moon,sig_Mercury,sig_Venus,sig_Mars,sig_Jupiter,sig_Saturn,sig_Uranus,sig_Neptune,sig_Pluto,sig_Rahu
0,+1.000000e+00,+1.000000e+00,+1.000000e+00,+1.000000e+00,+1.000000e+00,+1.000000e+00,+1.000000e+00,+1.000000e+00,+1.000000e+00,+1.000000e+00,+1.000000e+00,+1.000000e+00,no,yes,yes,yes,yes,yes,yes,yes,yes,yes,yes,yes,yes
1,+4.630905e-01,+1.907066e-01,+1.586100e-04,+2.455486e-01,+2.198474e-01,+3.739343e-01,+5.196572e-01,+4.507930e-01,+4.667962e-01,+4.976201e-01,+4.355625e-01,+4.011717e-01,no,yes,yes,no,yes,yes,yes,yes,yes,yes,yes,yes,yes
2,+3.739044e-01,+2.276351e-01,-2.105645e-02,+1.769939e-01,+1.721103e-01,+2.186278e-01,+4.150637e-01,+3.618302e-01,+4.268748e-01,+3.475863e-01,+3.314816e-01,+4.162894e-01,no,yes,yes,no,yes,yes,yes,yes,yes,yes,yes,yes,yes
3,+3.354247e-01,+1.455456e-01,-4.699523e-02,+1.467497e-01,+2.061633e-01,+2.984223e-01,+3.259834e-01,+2.940588e-01,+3.424582e-01,+3.567938e-01,+2.535024e-01,+3.213971e-01,no,yes,yes,no,yes,yes,yes,yes,yes,yes,yes,yes,yes
4,+3.348688e-01,+1.740594e-01,-3.098594e-03,+1.159586e-01,+1.404336e-01,+3.931021e-01,+2.676490e-01,+3.019763e-01,+3.013332e-01,+3.793277e-01,+3.429055e-01,+3.056618e-01,no,yes,yes,no,yes,yes,yes,yes,yes,yes,yes,yes,yes
5,+3.704735e-01,+2.339791e-01,+1.219436e-02,+6.412876e-02,+1.459668e-01,+3.452629e-01,+2.826235e-01,+3.092450e-01,+2.747608e-01,+3.480485e-01,+3.537481e-01,+2.281069e-01,no,yes,yes,no,no,yes,yes,yes,yes,yes,yes,yes,yes
6,+3.765030e-01,+1.761728e-01,+7.068254e-02,+1.167640e-01,+1.409713e-01,+3.008574e-01,+2.798940e-01,+3.244261e-01,+3.442323e-01,+3.664810e-01,+3.489644e-01,+2.577106e-01,no,yes,yes,no,yes,yes,yes,yes,yes,yes,yes,yes,yes
7,+3.492495e-01,+1.524072e-01,+6.114113e-02,+3.219372e-02,+1.252895e-01,+2.519243e-01,+2.516044e-01,+2.382307e-01,+2.957188e-01,+3.807295e-01,+2.868007e-01,+1.791858e-01,no,yes,yes,no,no,yes,yes,yes,yes,yes,yes,yes,yes
8,+3.691883e-01,+1.964744e-01,+4.914771e-02,+1.715566e-01,+1.129158e-01,+2.791952e-01,+2.523280e-01,+2.613920e-01,+2.842563e-01,+3.367852e-01,+2.610682e-01,+1.560404e-01,no,yes,yes,no,yes,yes,yes,yes,yes,yes,yes,yes,yes
9,+3.076268e-01,+2.495734e-01,-3.387774e-02,+1.578250e-01,+1.182921e-01,+2.257840e-01,+2.650228e-01,+2.457758e-01,+2.801575e-01,+3.118641e-01,+2.738231e-01,+1.522097e-01,no,yes,yes,no,yes,yes,yes,yes,yes,yes,yes,yes,yes
10,+2.792451e-01,+1.823586e-01,-1.576577e-01,+1.234188e-01,+2.109484e-01,+2.759050e-01,+2.677862e-01,+2.786982e-01,+2.753621e-01,+3.092832e-01,+2.827739e-01,+1.462108e-01,no,yes,yes,yes,yes,yes,yes,yes,yes,yes,yes,yes,yes
11,+2.917434e-01,+2.334869e-01,+5.911166e-02,+9.596389e-02,+1.631149e-01,+2.575824e-01,+3.315784e-01,+2.836574e-01,+2.851683e-01,+3.020159e-01,+2.902313e-01,+2.032965e-01,no,yes,yes,no,no,yes,yes,yes,yes,yes,yes,yes,yes
12,+2.977543e-01,+1.831443e-01,+8.725013e-02,+1.170431e-01,+1.917469e-01,+2.125383e-01,+2.853872e-01,+2.567326e-01,+2.665591e-01,+2.391718e-01,+2.781736e-01,+2.426760e-01,no,yes,yes,no,yes,yes,yes,yes,yes,yes,yes,yes,yes
13,+2.379742e-01,+6.399201e-02,+2.695068e-02,+8.613219e-02,+1.043990e-01,+2.241415e-01,+3.409045e-01,+1.845543e-01,+2.993454e-01,+2.641164e-01,+2.561336e-01,+1.609382e-01,no,yes,no,no,no,yes,yes,yes,yes,yes,yes,yes,yes
14,+3.107967e-01,+1.779682e-01,+1.874650e-02,+8.173343e-02,+9.635379e-02,+2.105259e-01,+3.070177e-01,+2.447332e-01,+3.052612e-01,+2.748539e-01,+1.904623e-01,+2.205604e-01,no,yes,yes,no,no,no,yes,yes,yes,yes,yes,yes,yes
15,+2.091875e-01,+1.188291e-01,+6.703078e-02,+1.227834e-01,+1.571185e-01,+2.415535e-01,+2.797010e-01,+1.995405e-01,+2.231216e-01,+2.084535e-01,+2.009495e-01,+2.229480e-01,no,yes,yes,no,yes,yes,yes,yes,yes,yes,yes,yes,yes
16,+2.606205e-01,+1.828091e-01,+3.353103e-02,+6.371669e-02,+1.458938e-01,+2.166280e-01,+2.751984e-01,+2.326940e-01,+2.116043e-01,+2.195936e-01,+2.214772e-01,+2.530238e-01,no,yes,yes,no,no,yes,yes,yes,yes,yes,yes,yes,yes
17,+2.567409e-01,+2.378285e-01,-9.224826e-02,+8.466749e-02,+7.596776e-02,+2.502797e-01,+2.564625e-01,+2.092079e-01,+1.927838e-01,+2.384517e-01,+2.509864e-01,+2.101785e-01,no,yes,yes,no,no,no,yes,yes,yes,yes,yes,yes,yes
18,+2.588445e-01,+1.839434e-01,+3.125840e-02,+7.945616e-02,+1.257170e-01,+2.072892e-01,+2.501621e-01,+2.157861e-01,+1.895074e-01,+2.450062e-01,+2.278157e-01,+2.802155e-01,no,yes,yes,no,no,yes,yes,yes,yes,yes,yes,yes,yes
19,+1.986399e-01,+1.545100e-01,-3.519801e-03,+5.648532e-02,+1.063627e-01,+2.443011e-01,+2.800683e-01,+2.281961e-01,+1.937144e-01,+2.719370e-01,+2.436384e-01,+2.241763e-01,no,yes,yes,no,no,yes,yes,yes,yes,yes,yes,yes,yes
20,+2.106340e-01,+1.824265e-01,+3.100099e-02,+7.397113e-02,+1.224867e-01,+2.094604e-01,+2.152342e-01,+2.054502e-01,+2.692267e-01,+2.250417e-01,+1.948142e-01,+2.157804e-01,no,yes,yes,no,no,yes,yes,yes,yes,yes,yes,yes,yes
21,+2.012906e-01,+9.926070e-02,+3.456379e-02,+1.763751e-01,+9.220078e-02,+2.156988e-01,+1.828706e-01,+2.279896e-01,+2.628257e-01,+2.430470e-01,+1.855858e-01,+1.628595e-01,no,yes,no,no,yes,no,yes,yes,yes,yes,yes,yes,yes
22,+2.708771e-01,+1.468290e-01,-1.241744e-01,+7.502889e-02,+1.480283e-01,+2.136524e-01,+1.641141e-01,+2.835319e-01,+2.953891e-01,+2.272848e-01,+1.791989e-01,+2.135131e-01,no,yes,yes,yes,no,yes,yes,yes,yes,yes,yes,yes,yes
23,+2.678144e-01,+9.404608e-02,-1.567312e-02,+1.125407e-01,+1.121211e-01,+2.141284e-01,+1.052622e-01,+2.287688e-01,+2.340363e-01,+2.437213e-01,+3.097576e-01,+2.024022e-01,no,yes,no,no,yes,yes,yes,yes,yes,yes,yes,yes,yes
24,+2.952743e-01,+1.031356e-01,+5.439512e-03,+8.360483e-02,+1.101796e-01,+2.174833e-01,+1.808380e-01,+2.380767e-01,+2.347749e-01,+2.836919e-01,+3.057856e-01,+2.786153e-01,yes,yes,no,no,no,yes,yes,yes,yes,yes,yes,yes,yes
25,+3.165174e-01,+1.512040e-01,-9.945099e-02,+9.872103e-02,+8.006790e-02,+1.756600e-01,+2.135143e-01,+2.866943e-01,+2.418075e-01,+3.212094e-01,+2.653297e-01,+2.439216e-01,no,yes,yes,no,no,no,yes,yes,yes,yes,yes,yes,yes
26,+3.093197e-01,+1.090531e-01,+5.160458e-02,+6.787421e-02,+1.346627e-01,+1.264797e-01,+2.653142e-01,+2.113069e-01,+2.608970e-01,+2.934374e-01,+2.569680e-01,+2.404357e-01,no,yes,yes,no,no,yes,yes,yes,yes,yes,yes,yes,yes
27,+2.925365e-01,+2.170729e-01,+1.169448e-01,+9.089966e-02,+1.310859e-01,+1.756800e-01,+2.540995e-01,+2.795354e-01,+2.705867e-01,+3.160843e-01,+2.517258e-01,+2.171044e-01,no,yes,yes,yes,no,yes,yes,yes,yes,yes,yes,yes,yes
28,+2.786495e-01,+1.910889e-01,-3.302611e-02,+9.568796e-02,+4.188119e-02,+1.656972e-01,+2.346854e-01,+2.076778e-01,+2.784721e-01,+3.511725e-01,+3.119170e-01,+2.652367e-01,no,yes,yes,no,no,no,yes,yes,yes,yes,yes,yes,yes
29,+3.394476e-01,+1.237384e-01,-4.826359e-02,+1.400827e-01,+1.227437e-01,+1.711042e-01,+2.047782e-01,+2.302466e-01,+2.664496e-01,+2.657508e-01,+2.749741e-01,+2.417412e-01,no,yes,yes,no,yes,yes,yes,yes,yes,yes,yes,yes,yes
30,+3.259349e-01,+1.446704e-01,-8.306700e-03,+1.042947e-01,+7.141754e-02,+1.754103e-01,+2.146674e-01,+2.496223e-01,+2.745572e-01,+3.014707e-01,+2.720592e-01,+2.920329e-01,yes,yes,yes,no,yes,no,yes,yes,yes,yes,yes,yes,yes
31,+2.790747e-01,+1.316449e-01,+1.555941e-02,+7.599602e-02,+3.077883e-02,+1.444484e-01,+2.439311e-01,+3.008138e-01,+2.457497e-01,+3.138245e-01,+2.728128e-01,+2.518762e-01,no,yes,yes,no,no,no,yes,yes,yes,yes,yes,yes,yes
32,+3.362503e-01,+7.751866e-02,+9.802139e-03,+1.099213e-01,+7.728491e-02,+9.915104e-02,+1.808958e-01,+2.295717e-01,+2.460190e-01,+3.306261e-01,+3.522951e-01,+1.950059e-01,no,yes,no,no,yes,no,no,yes,yes,yes,yes,yes,yes
33,+3.459383e-01,+1.391248e-01,+1.530078e-02,+3.058841e-03,+4.410493e-02,+1.748878e-01,+2.049605e-01,+2.728350e-01,+2.782974e-01,+3.331408e-01,+3.174542e-01,+2.379663e-01,no,yes,yes,no,no,no,yes,yes,yes,yes,yes,yes,yes
34,+3.499755e-01,+1.492791e-01,+1.762992e-02,-2.719737e-02,+1.083213e-01,+1.965637e-01,+1.505456e-01,+2.282381e-01,+3.024863e-01,+2.957677e-01,+2.873271e-01,+2.020927e-01,no,yes,yes,no,no,yes,yes,yes,yes,yes,yes,yes,yes
35,+2.338524e-01,+1.628613e-01,-7.257164e-03,+1.135550e-01,+7.779406e-02,+1.413224e-01,+1.291168e-01,+2.879128e-01,+3.032269e-01,+3.148354e-01,+2.522695e-01,+2.633077e-01,no,yes,yes,no,yes,no,yes,yes,yes,yes,yes,yes,yes
36,+2.692531e-01,+1.748752e-01,-6.358691e-02,+1.188901e-01,+1.193385e-01,+1.290111e-01,+2.113082e-01,+3.000577e-01,+2.401224e-01,+2.416152e-01,+2.289884e-01,+2.629017e-01,yes,yes,yes,no,yes,yes,yes,yes,yes,yes,yes,yes,yes
37,+2.351378e-01,+1.557840e-01,-4.081126e-02,+1.192079e-01,+1.286095e-01,+1.248874e-01,+1.984126e-01,+2.398937e-01,+1.771763e-01,+2.197467e-01,+2.399582e-01,+2.889161e-01,no,yes,yes,no,yes,yes,yes,yes,yes,yes,yes,yes,yes
38,+2.689024e-01,+1.071237e-01,-3.683100e-02,+3.559987e-02,+7.529134e-02,+2.173817e-01,+2.133987e-01,+1.963012e-01,+1.626533e-01,+2.517924e-01,+2.493021e-01,+1.805646e-01,no,yes,yes,no,no,no,yes,yes,yes,yes,yes,yes,yes
39,+2.711210e-01,+1.256962e-01,+1.229220e-01,+1.397633e-01,+9.499487e-02,+1.186825e-01,+2.020224e-01,+2.150388e-01,+1.937722e-01,+2.218223e-01,+1.605309e-01,+2.097214e-01,no,yes,yes,yes,yes,no,yes,yes,yes,yes,yes,yes,yes
40,+1.986516e-01,+2.335526e-02,-7.962411e-02,+1.516392e-01,+5.838861e-02,+8.689022e-02,+2.149429e-01,+1.612602e-01,+1.675524e-01,+2.292817e-01,+1.967390e-01,+2.006298e-01,yes,yes,no,no,yes,no,no,yes,yes,yes,yes,yes,yes
41,+1.604308e-01,+5.041884e-02,-2.992195e-02,+1.402078e-01,+4.499940e-02,+9.523567e-02,+2.237701e-01,+2.264422e-01,+1.728567e-01,+2.438057e-01,+1.871702e-01,+1.932452e-01,no,yes,no,no,yes,no,no,yes,yes,yes,yes,yes,yes
42,+1.694210e-01,+9.345884e-02,+3.898123e-02,+6.483223e-02,+2.501801e-02,+9.592622e-02,+2.122668e-01,+1.779244e-01,+1.050841e-01,+2.230372e-01,+2.395952e-01,+2.114760e-01,no,yes,no,no,no,no,no,yes,yes,yes,yes,yes,yes
43,+2.207295e-01,+4.508615e-02,-2.721542e-02,+4.571758e-02,+6.089448e-02,+1.033147e-01,+1.476456e-01,+1.994365e-01,+1.617175e-01,+1.521225e-01,+1.790958e-01,+2.186977e-01,no,yes,no,no,no,no,yes,yes,yes,yes,yes,yes,yes
44,+1.699149e-01,+1.488392e-01,+8.383650e-03,+6.031598e-02,+4.314220e-02,+4.625143e-02,+1.821224e-01,+1.963609e-01,+1.498797e-01,+1.712313e-01,+1.606215e-01,+1.909486e-01,no,yes,yes,no,no,no,no,yes,yes,yes,yes,yes,yes
45,+1.305081e-01,+1.711312e-01,+3.664173e-02,-4.387963e-03,+8.162578e-02,-1.151846e-02,+1.233917e-01,+1.550721e-01,+1.522385e-01,+1.475849e-01,+1.236484e-01,+1.700790e-01,yes,yes,yes,no,no,no,no,yes,yes,yes,yes,yes,yes
46,+1.269469e-01,+9.024475e-02,-3.561108e-02,-4.447985e-02,+5.699481e-02,+6.580423e-02,+1.473366e-01,+1.155436e-01,+1.762674e-01,+1.421328e-01,+1.471876e-01,+1.442815e-01,no,yes,no,no,no,no,no,yes,yes,yes,yes,yes,yes
47,+1.321176e-01,+1.485139e-01,+1.030472e-02,+8.780112e-03,+7.171645e-02,+2.639116e-02,+1.505803e-01,+1.354137e-01,+1.358152e-01,+1.398379e-01,+1.277888e-01,+1.314476e-01,no,yes,yes,no,no,no,no,yes,yes,yes,yes,yes,yes
48,+1.697611e-01,+1.996585e-02,-8.249810e-03,-2.703726e-02,+9.933540e-02,+4.252789e-02,+9.660556e-02,+8.449425e-02,+1.522953e-01,+9.969414e-02,+1.498377e-01,+9.101455e-02,no,yes,no,no,no,no,no,no,no,yes,no,yes,no
49,+1.315197e-01,+1.067287e-01,-4.602001e-02,+9.199092e-02,+3.229995e-02,+1.924573e-02,+8.348574e-02,+1.596091e-01,+1.376195e-01,+1.562047e-01,+1.165481e-01,+9.850072e-02,no,yes,yes,no,no,no,no,no,yes,yes,yes,yes,no
50,+1.041407e-01,+1.057074e-01,+2.651914e-02,+7.402169e-02,-2.347136e-02,+7.478504e-02,+1.205005e-01,+6.757371e-02,+1.540705e-01,+1.079117e-01,+9.221734e-02,+4.116875e-02,no,yes,yes,no,no,no,no,yes,no,yes,yes,no,no
51,+1.020855e-01,+1.187603e-01,+2.579767e-02,+8.905075e-03,+3.817030e-02,+6.195139e-02,+1.270336e-01,+6.895456e-02,+1.121969e-01,+1.194456e-01,+6.355680e-02,+1.120961e-01,yes,no,yes,no,no,no,no,yes,no,yes,yes,no,yes
52,+9.830207e-02,+1.394930e-01,-9.258326e-02,+3.087633e-02,-3.815101e-03,-1.425233e-03,+1.809072e-01,+8.785779e-02,+1.210148e-01,+1.541420e-01,+1.066834e-01,+1.027932e-01,no,no,yes,no,no,no,no,yes,no,yes,yes,yes,no
53,+1.097008e-01,+6.931457e-02,+6.983923e-02,+1.392926e-01,+8.451917e-02,+2.230090e-02,+2.112499e-01,+1.511438e-01,+9.156000e-02,+1.126047e-01,+1.329743e-01,+1.047120e-01,no,yes,no,no,yes,no,no,yes,yes,no,yes,yes,yes
54,+1.284133e-01,+1.438976e-01,+2.936607e-02,+6.252021e-04,-4.288018e-02,+1.058280e-01,+1.608048e-01,+1.553260e-01,+1.217063e-01,+1.128245e-01,+1.249609e-01,+5.670252e-02,no,yes,yes,no,no,no,yes,yes,yes,yes,yes,yes,no
55,+1.361368e-01,+8.422357e-02,-3.227899e-04,+1.122038e-02,-1.428303e-02,+5.429705e-02,+1.566763e-01,+2.445178e-01,+1.012473e-01,+1.584365e-01,+1.081925e-01,+1.453470e-01,no,yes,no,no,no,no,no,yes,yes,no,yes,yes,yes
56,+1.335777e-01,+9.707480e-02,-3.011156e-02,+5.718805e-02,-2.332903e-03,+3.702997e-02,+1.113804e-01,+1.405954e-01,+1.170947e-01,+1.922784e-01,+1.400487e-01,+1.400785e-01,no,yes,no,no,no,no,no,yes,yes,yes,yes,yes,yes
57,+1.947643e-01,+2.128798e-02,+8.320002e-02,+8.174454e-03,+6.088516e-02,+1.243475e-02,+1.930183e-01,+1.195347e-01,+1.606502e-01,+1.566799e-01,+1.542758e-01,+1.421746e-01,no,yes,no,no,no,no,no,yes,yes,yes,yes,yes,yes
58,+1.867184e-01,+6.814348e-02,+4.448382e-02,+2.280336e-02,+2.215918e-02,+8.288847e-02,+1.508515e-01,+1.345359e-01,+6.324133e-02,+1.628674e-01,+1.299927e-01,+1.212892e-01,no,yes,no,no,no,no,no,yes,yes,no,yes,yes,yes
59,+1.627224e-01,+1.353664e-01,+5.619936e-02,+6.368273e-02,+5.288643e-02,+1.025766e-01,+6.272282e-02,+1.726254e-01,+1.197861e-01,+1.759224e-01,+1.757926e-01,+1.686043e-01,no,yes,yes,no,no,no,no,no,yes,yes,yes,yes,yes
60,+1.658080e-01,-4.359816e-02,+5.790247e-02,-1.373036e-02,+3.033409e-02,+7.249126e-02,+8.650614e-02,+2.090043e-01,+1.059159e-01,+2.184319e-01,+2.227282e-01,+1.246589e-01,yes,yes,no,no,no,no,no,no,yes,yes,yes,yes,yes
61,+1.926734e-01,+1.492006e-01,+2.240318e-02,+9.851316e-02,+6.209635e-02,+7.011223e-02,+4.738673e-02,+1.687094e-01,+1.698698e-01,+1.550724e-01,+2.357502e-01,+1.991085e-01,no,yes,yes,no,no,no,no,no,yes,yes,yes,yes,yes
62,+1.600920e-01,+3.056097e-02,+1.104980e-02,+7.590905e-02,-8.122103e-02,+7.879723e-02,+2.383844e-02,+1.519200e-01,+1.250886e-01,+1.529008e-01,+1.017979e-01,+1.817583e-01,no,yes,no,no,no,no,no,no,yes,yes,yes,no,yes
63,+1.727626e-01,+1.272210e-01,-6.341071e-03,+7.749035e-03,+4.109185e-02,+2.361336e-02,+2.104133e-02,+2.243127e-01,+1.383310e-01,+1.667229e-01,+1.082341e-01,+1.631649e-01,no,yes,yes,no,no,no,no,no,yes,yes,yes,yes,yes
64,+1.286025e-01,+1.054988e-01,-1.056044e-01,+1.478066e-01,+3.034229e-02,+4.691783e-02,+2.609027e-02,+1.177069e-01,+1.052830e-01,+1.336115e-01,+9.750970e-02,+1.429837e-01,no,yes,yes,yes,yes,no,no,no,yes,yes,yes,no,yes
65,+1.496393e-01,+4.202530e-02,-2.608937e-02,+1.895641e-02,+3.023854e-02,+7.699860e-02,+5.568791e-02,+1.203467e-01,+1.531537e-01,+1.536684e-01,+2.199307e-01,+1.306670e-01,no,yes,no,no,no,no,no,no,yes,yes,yes,yes,yes
66,+1.671321e-01,+1.439930e-01,-5.588665e-03,+1.330543e-02,+3.533870e-02,-6.332570e-03,+9.212429e-02,+1.525085e-01,+8.653562e-02,+2.016775e-01,+1.942286e-01,+1.196352e-01,no,yes,yes,no,no,no,no,no,yes,no,yes,yes,yes
67,+1.479212e-01,+7.966805e-02,+1.314047e-02,+2.984537e-02,-5.890508e-03,+5.675024e-02,+1.578309e-01,+8.565816e-02,+7.336268e-02,+1.598223e-01,+1.658909e-01,+1.499950e-01,no,yes,no,no,no,no,no,yes,no,no,yes,yes,yes
68,+1.770535e-01,+5.312330e-03,-1.374557e-02,+5.338797e-02,-3.373628e-02,+6.928836e-02,+1.145344e-01,+1.135738e-01,+8.845518e-02,+1.189619e-01,+1.274622e-01,+1.316262e-01,no,yes,no,no,no,no,no,yes,yes,no,yes,yes,yes
69,+1.260694e-01,+7.859052e-02,+6.852119e-02,-1.096221e-02,+5.830397e-02,-5.299276e-03,+8.254617e-02,+1.015906e-01,+1.432414e-01,+1.461816e-01,+1.140613e-01,+1.200888e-01,no,yes,no,no,no,no,no,no,no,yes,yes,yes,yes
70,+8.892162e-02,+6.537444e-02,-4.461142e-02,+8.023558e-02,-5.685584e-02,+6.698088e-03,+1.207323e-01,+9.550559e-02,+1.488825e-01,+1.590980e-01,+1.141660e-01,+8.772349e-02,no,no,no,no,no,no,no,yes,no,yes,yes,yes,no
71,+8.148988e-02,+1.727276e-02,-6.721824e-04,+5.504017e-02,-1.597994e-02,+3.527724e-02,+1.309615e-01,+1.305830e-01,+1.249933e-01,+8.421689e-02,+9.716083e-02,+6.300995e-02,no,no,no,no,no,no,no,yes,yes,yes,no,no,no
72,+1.472084e-01,+4.848856e-02,+5.211592e-02,+1.017847e-01,-1.964460e-02,+3.289330e-02,+9.072150e-02,+4.730458e-02,+8.612994e-02,+6.726907e-02,+1.246762e-01,+3.043738e-02,yes,yes,no,no,no,no,no,no,no,no,no,yes,no
73,+1.028290e-01,+6.931155e-02,+3.553676e-02,+6.045258e-02,+3.213983e-02,+3.934006e-02,+4.780451e-02,+7.080838e-03,+5.598927e-03,+5.833311e-02,+9.429282e-02,+9.815267e-02,no,no,no,no,no,no,no,no,no,no,no,no,no
74,+3.266564e-02,+2.259323e-02,+7.982464e-02,-4.522661e-03,+7.787268e-03,+4.747438e-02,+2.144995e-02,+4.987888e-02,+4.968486e-03,+8.147557e-02,+4.557529e-02,+5.160513e-02,no,no,no,no,no,no,no,no,no,no,no,no,no
75,+4.419648e-02,+4.008047e-02,+6.000680e-03,-6.184634e-02,+2.071614e-02,+2.987755e-02,-5.379837e-04,-7.186905e-03,-9.763084e-03,+9.012708e-02,-3.349002e-02,+2.479151e-03,no,no,no,no,no,no,no,no,no,no,no,no,no
76,+1.018740e-02,+2.359683e-02,-3.123866e-02,+9.154411e-02,-2.895702e-02,+1.040532e-02,-2.157815e-02,+3.287838e-02,+3.596931e-03,-1.592541e-02,+3.221215e-02,-3.104976e-03,no,no,no,no,no,no,no,no,no,no,no,no,no
77,+3.449201e-02,+5.877099e-02,-5.651865e-02,+5.392450e-02,-2.725079e-02,+5.635543e-02,-2.321588e-02,+4.475849e-02,-2.218698e-02,-2.727339e-02,+2.384181e-02,+5.543276e-02,no,no,no,no,no,no,no,no,no,no,no,no,no
78,+2.060550e-03,+3.887754e-02,+7.891045e-03,+3.476497e-02,-5.262695e-02,+5.399276e-02,-4.149452e-02,+3.619486e-02,+4.448346e-02,-4.094418e-02,+2.184182e-02,-4.581656e-02,no,no,no,no,no,no,no,no,no,no,no,no,no
79,-5.928486e-02,+3.256979e-02,+4.019310e-02,+6.161620e-02,+2.012924e-02,+4.811203e-02,-3.015105e-02,+2.375742e-02,+4.580293e-02,-4.752430e-04,-2.190766e-02,+5.764707e-02,no,no,no,no,no,no,no,no,no,no,no,no,no
80,-2.153788e-02,+2.964617e-02,-2.117620e-02,+1.916341e-03,-5.206828e-02,-3.727539e-02,-4.118177e-02,+6.057874e-02,+1.796760e-02,+8.701615e-04,-1.273644e-02,+7.800261e-03,no,no,no,no,no,no,no,no,no,no,no,no,no
81,-4.234111e-02,+7.816315e-02,+2.764535e-02,+4.648029e-02,-8.021875e-02,-2.437974e-02,+7.708880e-03,-4.522625e-02,-8.717642e-04,+3.212861e-03,-4.305115e-02,+6.525170e-04,no,no,no,no,no,no,no,no,no,no,no,no,no
82,-4.080126e-02,-1.173297e-03,-1.375870e-01,-9.608100e-04,-6.488283e-02,+2.694988e-02,+2.911842e-02,-4.643868e-02,+1.436494e-02,-8.878856e-03,-4.595614e-02,-1.118086e-02,no,no,no,yes,no,no,no,no,no,no,no,no,no
83,-5.304863e-02,+5.546013e-02,+1.806556e-02,-5.552040e-02,-7.122955e-02,+8.615806e-02,+2.768792e-02,-9.616977e-02,-2.880062e-02,-3.360286e-02,+6.985021e-04,-3.333721e-02,no,no,no,no,no,no,no,no,no,no,no,no,no
84,+5.601336e-03,-1.178122e-02,+3.876227e-02,+9.045590e-03,+3.575320e-02,+4.897575e-02,+3.576979e-02,-2.352387e-02,+1.887771e-03,-6.801303e-02,-2.220085e-05,-4.417437e-02,no,no,no,no,no,no,no,no,no,no,no,no,no
85,-6.801232e-02,-1.029638e-02,-5.126352e-03,+7.304045e-02,+8.052258e-02,-5.647729e-03,+1.451781e-02,+7.138485e-03,+3.927679e-02,-5.127718e-02,-6.470217e-02,-4.875195e-02,no,no,no,no,no,no,no,no,no,no,no,no,no
86,-1.362120e-02,+1.009448e-01,+5.825007e-02,-6.906048e-02,-2.463121e-02,-7.090017e-02,+4.823891e-02,-5.156140e-02,+1.466442e-02,-2.336937e-02,-3.664871e-02,-5.569915e-02,no,no,no,no,no,no,no,no,no,no,no,no,no
87,+9.196759e-03,+4.500351e-02,+2.822530e-02,+5.916514e-03,+3.791519e-02,-2.496533e-02,-2.290595e-04,-9.383351e-02,-4.651004e-02,-4.814863e-02,-7.415505e-02,+1.810858e-03,no,no,no,no,no,no,no,no,no,no,no,no,no
88,-7.809373e-02,+2.107458e-02,+2.803978e-02,+2.493833e-02,-4.023024e-02,+7.390588e-04,-6.679380e-03,-1.792756e-02,-6.187728e-02,-8.394378e-02,-5.307716e-02,-6.957278e-02,no,no,no,no,no,no,no,no,no,no,no,no,no
89,-1.768342e-02,+1.469827e-03,-2.834017e-02,-4.771754e-03,-7.276896e-02,-1.532261e-02,-6.634399e-03,-8.181931e-02,-1.050135e-01,-7.892100e-02,-1.593062e-02,-6.951661e-02,no,no,no,no,no,no,no,no,no,yes,no,no,no
90,-1.746923e-02,-3.586120e-02,+5.311355e-02,-3.628772e-02,-3.340419e-02,-3.441255e-02,-2.809960e-02,-3.269615e-03,-7.950350e-02,-7.281408e-03,-2.807095e-02,-5.834056e-02,yes,no,no,no,no,no,no,no,no,no,no,no,no
91,-2.410017e-03,+1.465194e-02,+1.186641e-03,+3.426456e-02,-6.303604e-03,-5.806533e-02,-8.185472e-02,-2.220310e-02,+2.397248e-02,+1.313468e-02,-3.611735e-02,-4.936593e-02,no,no,no,no,no,no,no,no,no,no,no,no,no
92,-6.169813e-03,-4.221828e-02,-1.926048e-02,-3.147023e-02,-6.497082e-02,-1.821629e-02,-1.070219e-01,-4.575517e-02,+3.564543e-03,-3.279148e-02,+1.305408e-02,-1.026875e-02,no,no,no,no,no,no,no,yes,no,no,no,no,no
93,-1.779000e-02,-2.444054e-02,-3.498761e-02,+4.769128e-02,-2.464040e-03,-7.171043e-02,-1.054084e-01,-3.414613e-02,-2.354020e-02,-1.598585e-02,+3.601959e-02,-3.026929e-02,no,no,no,no,no,no,no,yes,no,no,no,no,no
94,-4.918667e-02,-3.272361e-02,-1.767857e-03,+2.463008e-02,+1.775918e-02,-5.470034e-02,-8.763284e-02,-3.321247e-02,+6.816825e-03,-1.099996e-02,-5.414899e-02,-4.862067e-02,no,no,no,no,no,no,no,no,no,no,no,no,no
95,-4.267195e-02,+1.489091e-02,+4.716853e-02,-2.498863e-02,+1.655797e-02,-2.034879e-02,-1.194338e-01,-5.646814e-02,-1.331310e-02,-1.309398e-02,-3.590134e-02,-3.850852e-02,no,no,no,no,no,no,no,yes,no,no,no,no,no
96,-3.037993e-02,-3.877545e-03,-1.918062e-02,+3.958679e-03,-2.689467e-02,+4.652889e-03,-1.229693e-01,+2.949686e-02,-3.912717e-02,-1.798610e-02,-2.642412e-02,+1.261102e-02,no,no,no,no,no,no,no,yes,no,no,no,no,no
97,+5.430532e-03,+4.897126e-02,-1.592291e-02,-7.027455e-03,-1.764569e-02,-7.018884e-02,-2.955913e-02,-3.363915e-02,-1.392977e-03,-2.984779e-02,+2.041063e-02,+5.898944e-02,no,no,no,no,no,no,no,no,no,no,no,no,no
98,+1.189636e-02,-4.949050e-03,-3.207680e-02,-6.042116e-02,-3.920740e-02,-6.603180e-02,+3.514900e-02,+1.855225e-03,-7.969584e-03,-1.767729e-02,+2.697149e-02,+5.174005e-02,no,no,no,no,no,no,no,no,no,no,no,no,no
99,-1.898185e-02,-6.370388e-02,+1.588083e-01,-3.389884e-02,-4.164177e-02,-5.742739e-02,+1.312985e-02,+6.398896e-02,-3.615741e-02,+1.759951e-02,-1.087846e-03,+8.029020e-02,no,no,no,yes,no,no,no,no,no,no,no,no,no
100,+3.512075e-02,-4.329988e-02,+3.231032e-02,+2.733585e-02,-6.466626e-02,-5.789660e-02,-6.060340e-02,-5.234525e-03,-3.240611e-02,+5.665919e-02,-5.053229e-02,-4.662500e-02,no,no,no,no,no,no,no,no,no,no,no,no,no
101,-2.623242e-03,-3.659233e-02,-7.495425e-03,-7.084575e-02,+1.205055e-02,-4.360297e-02,-4.659923e-02,-9.249251e-04,-8.588119e-02,+1.349488e-02,-1.578832e-02,+7.185602e-02,no,no,no,no,no,no,no,no,no,no,no,no,no
102,-8.212263e-02,-8.698233e-02,+4.790584e-03,-2.568320e-02,-2.786918e-02,-4.473870e-02,-1.168890e-01,+3.887486e-02,-1.082855e-01,-2.108774e-02,+5.497816e-03,-6.768334e-02,no,no,no,no,no,no,no,yes,no,yes,no,no,no
103,-1.115117e-01,+1.817362e-02,-1.147457e-02,-6.732606e-03,+3.536798e-02,-9.413009e-02,-1.106900e-01,-1.251988e-02,-1.297806e-01,-9.584928e-02,-3.376378e-02,-3.840294e-03,no,yes,no,no,no,no,no,yes,no,yes,no,no,no
104,-1.057151e-01,-1.535965e-01,+1.147995e-02,-6.995271e-02,+1.503479e-02,-1.212568e-01,-7.057421e-02,-9.571132e-03,-9.010995e-02,-1.083775e-01,-7.702231e-02,-8.390604e-02,no,yes,yes,no,no,no,yes,no,no,no,yes,no,no
105,-7.129328e-02,-6.694049e-02,+5.589805e-02,+2.894135e-02,-3.076126e-02,-3.455628e-02,-1.224499e-01,-6.240924e-02,-9.113048e-02,-1.287888e-01,-8.168867e-02,-1.315887e-01,no,no,no,no,no,no,no,yes,no,no,yes,no,yes
106,-1.019930e-01,-8.615902e-02,+1.647883e-02,+6.533305e-02,-2.953285e-02,-6.005253e-02,-1.115221e-01,-1.116665e-01,-1.426840e-01,-1.357221e-01,-1.015629e-01,-1.647421e-01,no,no,no,no,no,no,no,yes,yes,yes,yes,no,yes
107,-1.410098e-01,-8.016150e-02,+8.761649e-03,-6.520292e-02,-9.107480e-02,-1.604435e-01,-8.784168e-02,-1.356584e-01,-1.511459e-01,-1.246348e-01,-1.462936e-01,-1.111733e-01,no,yes,no,no,no,no,yes,no,yes,yes,yes,yes,yes
108,-1.976382e-01,-8.001477e-02,+3.489283e-02,+4.017908e-02,-2.587697e-02,-1.618538e-01,-9.789946e-02,-1.390460e-01,-1.249052e-01,-1.423038e-01,-1.152642e-01,-1.386390e-01,no,yes,no,no,no,no,yes,no,yes,yes,yes,yes,yes
109,-1.468596e-01,-1.937304e-01,-7.293081e-02,+3.913599e-02,-1.137318e-02,-1.424877e-01,-6.159484e-02,-1.438805e-01,-1.330368e-01,-1.338579e-01,-1.551953e-01,-1.731189e-01,no,yes,yes,no,no,no,yes,no,yes,yes,yes,yes,yes
110,-1.692120e-01,-6.460305e-02,-1.616970e-03,-4.831331e-02,-7.410625e-03,-1.174361e-01,-5.414981e-03,-1.469151e-01,-1.680959e-01,-1.308811e-01,-1.775088e-01,-1.183146e-01,no,yes,no,no,no,no,yes,no,yes,yes,yes,yes,yes
111,-1.416450e-01,-3.704293e-02,-1.000652e-02,-4.369428e-02,+2.712305e-03,-1.433749e-01,-6.158695e-02,-1.958430e-01,-1.350763e-01,-1.670265e-01,-1.713130e-01,-1.852428e-01,no,yes,no,no,no,no,yes,no,yes,yes,yes,yes,yes
112,-1.468526e-01,-9.114678e-02,+1.979687e-02,-3.012148e-02,-2.952357e-04,-1.294205e-01,-5.010312e-02,-1.749544e-01,-1.285875e-01,-2.142610e-01,-1.887726e-01,-1.217838e-01,no,yes,no,no,no,no,yes,no,yes,yes,yes,yes,yes
113,-1.962353e-01,-4.283642e-02,-3.395363e-02,-8.840188e-02,-6.163790e-02,-1.340056e-01,-1.122600e-01,-1.481895e-01,-1.197336e-01,-2.086965e-01,-1.814760e-01,-1.177621e-01,no,yes,no,no,no,no,yes,yes,yes,yes,yes,yes,yes
114,-1.989384e-01,-6.634752e-02,-2.568640e-02,-5.559767e-02,+2.269481e-02,-1.350492e-01,-9.330026e-02,-1.240968e-01,-8.513313e-02,-1.726472e-01,-1.387179e-01,-1.171513e-01,no,yes,no,no,no,no,yes,no,yes,no,yes,yes,yes
115,-1.820874e-01,-4.720170e-02,-2.229293e-02,-1.267274e-01,-1.098482e-01,-1.578399e-01,-6.212110e-02,-1.124505e-01,-8.412154e-02,-1.703913e-01,-1.524055e-01,-1.074828e-01,no,yes,no,no,yes,yes,yes,no,yes,no,yes,yes,yes
116,-1.624900e-01,-1.202110e-01,+5.419501e-03,-6.157482e-02,-6.631502e-02,-1.094951e-01,-1.296778e-01,-1.752785e-01,-1.380772e-01,-1.878896e-01,-1.490363e-01,-1.333196e-01,no,yes,yes,no,no,no,yes,yes,yes,yes,yes,yes,yes
117,-1.602829e-01,-5.448225e-02,+3.241337e-02,+4.325111e-03,-2.642347e-02,-1.185047e-01,-3.408766e-02,-1.856047e-01,-1.156039e-01,-2.052458e-01,-2.106996e-01,-1.220387e-01,no,yes,no,no,no,no,yes,no,yes,yes,yes,yes,yes
118,-2.082639e-01,-1.474668e-01,+5.973452e-03,-8.185534e-02,-1.179233e-01,-6.532394e-02,-8.241001e-02,-1.635549e-01,-1.572056e-01,-2.071868e-01,-2.021948e-01,-1.524790e-01,no,yes,yes,no,no,yes,no,no,yes,yes,yes,yes,yes
119,-2.132143e-01,-1.685151e-01,-6.146267e-02,-1.157939e-01,-9.613800e-02,-1.243369e-01,-1.063237e-01,-1.684608e-01,-1.516075e-01,-1.882278e-01,-1.786335e-01,-1.245917e-01,no,yes,yes,no,yes,no,yes,yes,yes,yes,yes,yes,yes
120,-1.746775e-01,-1.082689e-01,+6.482300e-02,+3.892997e-02,-8.914439e-02,-1.471063e-01,-6.266785e-02,-1.529566e-01,-1.203722e-01,-2.310714e-01,-1.976891e-01,-1.358300e-01,yes,yes,yes,no,no,no,yes,no,yes,yes,yes,yes,yes
121,-2.169574e-01,-1.264994e-01,-4.977476e-02,-2.881786e-02,-8.410926e-02,-1.195503e-01,-1.214389e-01,-1.414865e-01,-1.111042e-01,-1.753633e-01,-1.475432e-01,-1.213213e-01,no,yes,yes,no,no,no,yes,yes,yes,yes,yes,yes,yes
122,-2.111251e-01,-1.890772e-02,-2.189690e-02,-6.104793e-02,-1.548735e-02,-1.240260e-01,-1.077701e-01,-2.207277e-01,-1.293887e-01,-1.155541e-01,-1.826936e-01,-1.818963e-01,no,yes,no,no,no,no,yes,yes,yes,yes,yes,yes,yes
123,-1.269704e-01,-7.858503e-02,-1.698211e-02,-7.512334e-02,-7.902505e-02,-1.421855e-01,-6.725851e-02,-1.540074e-01,-1.686690e-01,-1.437081e-01,-2.461704e-01,-1.818003e-01,no,yes,no,no,no,no,yes,no,yes,yes,yes,yes,yes
124,-1.485060e-01,-7.924988e-02,-7.716732e-02,-8.699967e-02,-4.488116e-02,-1.676112e-01,-9.502581e-02,-1.409315e-01,-1.492354e-01,-1.089772e-01,-1.333816e-01,-1.732946e-01,no,yes,no,no,no,no,yes,no,yes,yes,yes,yes,yes
125,-9.361614e-02,-2.447248e-02,-5.792930e-02,-8.811474e-02,-9.591589e-02,-1.221006e-01,-7.829957e-02,-8.966967e-02,-1.125429e-01,-1.388205e-01,-8.559692e-02,-1.463953e-01,no,no,no,no,no,no,yes,no,no,yes,yes,no,yes
126,-8.449770e-02,-1.651317e-01,+3.136590e-02,-8.442467e-02,+4.451062e-02,-8.747387e-02,-1.264180e-01,-1.463733e-01,-1.038073e-01,-1.453957e-01,-7.120810e-02,-1.280563e-01,no,no,yes,no,no,no,no,yes,yes,yes,yes,no,yes
127,-1.560597e-01,-9.702456e-02,+3.694291e-03,-1.118981e-01,-7.886258e-02,-1.732397e-01,-1.639869e-01,-1.210998e-01,-1.437418e-01,-1.403902e-01,-1.467595e-01,-1.655688e-01,no,yes,no,no,yes,no,yes,yes,yes,yes,yes,yes,yes
128,-2.318055e-01,-1.067107e-01,+1.536944e-02,-5.660204e-02,-7.943847e-02,-2.209246e-01,-1.502833e-01,-1.619287e-01,-1.140098e-01,-1.609962e-01,-1.561427e-01,-8.676130e-02,no,yes,yes,no,no,no,yes,yes,yes,yes,yes,yes,no
129,-1.206178e-01,-8.096321e-02,+2.181561e-02,-4.478905e-02,-1.161696e-01,-1.585582e-01,-1.705179e-01,-1.367621e-01,-1.534058e-01,-1.485266e-01,-1.859497e-01,-1.071817e-01,no,yes,no,no,no,yes,yes,yes,yes,yes,yes,yes,yes
130,-1.242663e-01,-7.104744e-02,-7.653529e-02,-2.348913e-02,-9.879182e-02,-1.673713e-01,-1.702537e-01,-1.776392e-01,-1.265552e-01,-1.210217e-01,-5.427287e-02,-9.113051e-02,no,yes,no,no,no,no,yes,yes,yes,yes,yes,no,no
131,-1.170361e-01,-5.905726e-02,-3.238521e-02,-7.822311e-02,-9.217618e-02,-1.720533e-01,-1.624970e-01,-1.365404e-01,-1.327341e-01,-1.664665e-01,-9.869858e-02,-1.298959e-01,no,yes,no,no,no,no,yes,yes,yes,yes,yes,no,yes
132,-1.419966e-01,-5.822257e-02,+6.737620e-03,-8.625948e-02,-5.068900e-02,-1.506882e-01,-1.659054e-01,-1.450593e-01,-1.212835e-01,-1.763454e-01,-1.345376e-01,-7.523506e-02,no,yes,no,no,no,no,yes,yes,yes,yes,yes,yes,no
133,-1.580755e-01,-7.988945e-02,-3.286015e-02,-9.085726e-02,-5.116762e-02,-1.515571e-01,-2.133908e-01,-1.741310e-01,-1.814764e-01,-1.663260e-01,-1.480080e-01,-1.353897e-01,no,yes,no,no,no,no,yes,yes,yes,yes,yes,yes,yes
134,-1.525043e-01,-1.037477e-01,+4.630224e-02,-6.816921e-02,-1.547933e-01,-1.331961e-01,-1.652450e-01,-1.567744e-01,-1.763138e-01,-1.525310e-01,-1.793099e-01,-1.471335e-01,no,yes,yes,no,no,yes,yes,yes,yes,yes,yes,yes,yes
135,-1.870257e-01,-9.631595e-02,-4.241566e-02,-1.800419e-02,-1.417958e-01,-1.583091e-01,-1.629501e-01,-1.203294e-01,-1.712567e-01,-1.359870e-01,-1.624783e-01,-1.524909e-01,no,yes,no,no,no,yes,yes,yes,yes,yes,yes,yes,yes
136,-2.032606e-01,-1.300011e-01,-2.084455e-02,-1.643056e-01,-1.185404e-01,-1.982106e-01,-1.081376e-01,-2.117669e-01,-2.046030e-01,-2.102611e-01,-1.607837e-01,-1.403894e-01,no,yes,yes,no,yes,yes,yes,yes,yes,yes,yes,yes,yes
137,-1.503151e-01,-1.323990e-01,-7.955658e-02,-3.257894e-02,-4.360392e-02,-1.399661e-01,-1.742741e-01,-1.470007e-01,-1.875622e-01,-1.907763e-01,-1.338306e-01,-2.123424e-01,no,yes,yes,no,no,no,yes,yes,yes,yes,yes,yes,yes
138,-2.145050e-01,-1.045927e-01,-1.370287e-02,-2.287772e-02,-3.894036e-03,-1.116080e-01,-1.217897e-01,-2.020349e-01,-2.282487e-01,-1.896677e-01,-1.922627e-01,-1.311923e-01,no,yes,yes,no,no,no,yes,yes,yes,yes,yes,yes,yes
139,-2.045731e-01,-1.835050e-01,-7.720583e-02,-1.240236e-01,-8.608235e-02,-1.217670e-01,-1.491191e-01,-1.374652e-01,-2.171340e-01,-2.514075e-01,-1.939043e-01,-2.345655e-01,no,yes,yes,no,yes,no,yes,yes,yes,yes,yes,yes,yes
140,-2.855702e-01,-6.456256e-02,-1.115394e-01,-8.178795e-02,-6.730741e-02,-2.015424e-01,-1.649371e-01,-1.926564e-01,-2.117138e-01,-2.692661e-01,-2.127011e-01,-1.533740e-01,no,yes,no,yes,no,no,yes,yes,yes,yes,yes,yes,yes
141,-2.581295e-01,-7.867456e-02,+3.643511e-02,-8.752462e-02,-1.298705e-01,-2.175465e-01,-1.668558e-01,-1.799005e-01,-2.132375e-01,-2.216610e-01,-2.237286e-01,-2.112002e-01,no,yes,no,no,no,yes,yes,yes,yes,yes,yes,yes,yes
142,-2.667740e-01,-4.939401e-02,-1.959893e-02,-1.208526e-01,-4.932651e-02,-1.545256e-01,-1.788169e-01,-2.693325e-01,-1.838614e-01,-1.981323e-01,-2.577656e-01,-2.208470e-01,no,yes,no,no,yes,no,yes,yes,yes,yes,yes,yes,yes
143,-2.271632e-01,-1.508539e-01,-1.114611e-02,-7.442581e-02,+4.420249e-03,-1.509842e-01,-2.193584e-01,-2.039862e-01,-1.897055e-01,-2.170970e-01,-2.354271e-01,-1.606202e-01,no,yes,yes,no,no,no,yes,yes,yes,yes,yes,yes,yes
144,-2.333679e-01,-1.253718e-01,-1.827053e-02,-1.372094e-01,-6.627301e-02,-2.023405e-01,-2.564480e-01,-2.449073e-01,-2.562156e-01,-2.873788e-01,-2.414343e-01,-1.692996e-01,no,yes,yes,no,yes,no,yes,yes,yes,yes,yes,yes,yes
145,-2.669015e-01,-1.623478e-01,+2.968455e-03,-1.220860e-01,-1.192026e-01,-2.030697e-01,-2.612543e-01,-2.044681e-01,-2.358879e-01,-3.063841e-01,-2.688796e-01,-2.340419e-01,no,yes,yes,no,yes,yes,yes,yes,yes,yes,yes,yes,yes
146,-3.365375e-01,-5.983792e-02,-1.263446e-02,-3.973835e-02,-3.868919e-02,-2.075302e-01,-2.075098e-01,-2.101799e-01,-2.321586e-01,-3.090224e-01,-2.585597e-01,-2.516471e-01,no,yes,no,no,no,no,yes,yes,yes,yes,yes,yes,yes
147,-2.851370e-01,-5.742245e-02,+3.838838e-02,-1.159410e-01,-6.238663e-02,-1.920471e-01,-1.902936e-01,-2.333327e-01,-2.046494e-01,-2.537122e-01,-2.808289e-01,-2.997607e-01,no,yes,no,no,yes,no,yes,yes,yes,yes,yes,yes,yes
148,-2.331695e-01,-1.458017e-01,+3.369484e-02,-1.134577e-01,-4.400980e-02,-2.294285e-01,-2.090349e-01,-2.497049e-01,-1.407129e-01,-2.440399e-01,-2.784461e-01,-3.110477e-01,no,yes,yes,no,yes,no,yes,yes,yes,yes,yes,yes,yes
149,-1.961179e-01,-1.446781e-01,-8.186976e-02,-1.841357e-02,-3.189357e-02,-1.772235e-01,-2.335404e-01,-2.678154e-01,-1.562246e-01,-2.568954e-01,-2.286375e-01,-2.959306e-01,no,yes,yes,no,no,no,yes,yes,yes,yes,yes,yes,yes
150,-2.282874e-01,-1.023618e-01,+1.050626e-02,-1.159353e-01,+2.529666e-02,-1.408098e-01,-2.093456e-01,-3.099039e-01,-1.674042e-01,-3.003066e-01,-2.578520e-01,-2.810233e-01,no,yes,no,no,yes,no,yes,yes,yes,yes,yes,yes,yes
151,-2.968329e-01,-1.658141e-01,-1.582418e-01,-8.493240e-02,-7.631624e-02,-2.217176e-01,-1.491614e-01,-2.662443e-01,-1.796014e-01,-2.692954e-01,-2.686383e-01,-3.222712e-01,no,yes,yes,yes,no,no,yes,yes,yes,yes,yes,yes,yes
152,-3.360484e-01,-4.815691e-02,-1.177995e-02,-9.703765e-02,-8.970167e-02,-1.315302e-01,-1.974471e-01,-2.913520e-01,-2.147722e-01,-2.214066e-01,-2.641809e-01,-2.923009e-01,no,yes,no,no,no,no,yes,yes,yes,yes,yes,yes,yes
153,-2.709995e-01,-1.918637e-01,-2.646804e-02,-9.669376e-02,-3.328129e-02,-1.350254e-01,-1.630476e-01,-2.595396e-01,-2.131190e-01,-2.643010e-01,-2.294094e-01,-3.022762e-01,no,yes,yes,no,no,no,yes,yes,yes,yes,yes,yes,yes
154,-2.574350e-01,-2.321725e-01,-2.256999e-02,-1.703860e-01,-8.687023e-02,-1.011153e-01,-1.801010e-01,-2.458457e-01,-2.256756e-01,-2.733962e-01,-2.339660e-01,-2.151750e-01,no,yes,yes,no,yes,no,no,yes,yes,yes,yes,yes,yes
155,-2.320768e-01,-1.783779e-01,-2.826797e-02,-9.416437e-02,-1.056894e-01,-1.384674e-01,-1.980990e-01,-2.021486e-01,-2.334158e-01,-2.381699e-01,-2.649206e-01,-1.993252e-01,no,yes,yes,no,no,yes,yes,yes,yes,yes,yes,yes,yes
156,-2.113578e-01,-1.796264e-01,+1.367506e-02,-1.162092e-01,-1.645680e-01,-5.977619e-02,-1.833226e-01,-1.504439e-01,-2.153809e-01,-1.858750e-01,-2.177760e-01,-1.567550e-01,no,yes,yes,no,yes,yes,no,yes,yes,yes,yes,yes,yes
157,-1.857064e-01,-1.606535e-01,+2.095123e-02,-9.617823e-02,-1.417074e-01,-8.788167e-02,-2.121693e-01,-1.762076e-01,-2.271973e-01,-2.291064e-01,-2.076762e-01,-1.918057e-01,no,yes,yes,no,no,yes,no,yes,yes,yes,yes,yes,yes
158,-2.201968e-01,-1.841732e-01,-1.170612e-02,-5.526796e-02,-1.020386e-01,-1.587311e-01,-2.509781e-01,-1.873601e-01,-2.482491e-01,-2.675205e-01,-1.286348e-01,-9.808377e-02,no,yes,yes,no,no,no,yes,yes,yes,yes,yes,yes,no
159,-1.952520e-01,-2.122494e-01,+2.347457e-02,-2.206286e-02,-1.098054e-01,-1.276144e-01,-2.398355e-01,-1.571030e-01,-2.615516e-01,-1.801890e-01,-1.563548e-01,-1.853955e-01,no,yes,yes,no,no,yes,yes,yes,yes,yes,yes,yes,yes
160,-2.491137e-01,-1.704647e-01,+1.319025e-02,-5.528111e-02,-8.879603e-02,-2.883180e-02,-2.702820e-01,-1.998984e-01,-2.465290e-01,-2.044508e-01,-2.451070e-01,-1.262181e-01,no,yes,yes,no,no,no,no,yes,yes,yes,yes,yes,yes
161,-2.402848e-01,-1.440380e-01,-1.775194e-02,+9.391322e-06,-1.008423e-01,-9.837288e-02,-2.589114e-01,-1.642255e-01,-2.133200e-01,-2.188219e-01,-2.249393e-01,-1.009541e-01,no,yes,yes,no,no,no,no,yes,yes,yes,yes,yes,no
162,-2.289127e-01,-1.092680e-01,+5.145308e-03,-1.299060e-01,-3.230787e-02,-1.174347e-01,-2.508547e-01,-1.243851e-01,-2.177793e-01,-2.539249e-01,-1.975905e-01,-1.981864e-01,no,yes,yes,no,yes,no,yes,yes,yes,yes,yes,yes,yes
163,-2.048261e-01,-2.158668e-01,-7.089755e-02,-1.289914e-01,-5.178151e-02,-1.414798e-01,-3.061871e-01,-2.489237e-01,-2.126622e-01,-2.430204e-01,-1.337991e-01,-1.601258e-01,no,yes,yes,no,yes,no,yes,yes,yes,yes,yes,yes,yes
164,-2.487257e-01,-1.185281e-01,-2.569154e-02,-6.392270e-02,-6.360903e-02,-5.659749e-02,-2.295018e-01,-2.259125e-01,-2.155794e-01,-3.003871e-01,-2.041159e-01,-1.565763e-01,no,yes,yes,no,no,no,no,yes,yes,yes,yes,yes,yes
165,-2.307842e-01,-2.132610e-01,+3.652335e-02,-1.650523e-01,-4.079213e-02,-9.549999e-02,-2.346791e-01,-2.114428e-01,-2.144378e-01,-2.366478e-01,-2.127195e-01,-1.560150e-01,no,yes,yes,no,yes,no,no,yes,yes,yes,yes,yes,yes
166,-2.665977e-01,-1.271308e-01,-3.668188e-02,-1.306130e-01,-1.248994e-01,-8.031128e-02,-2.467770e-01,-2.304721e-01,-2.781805e-01,-2.177162e-01,-2.743459e-01,-1.839504e-01,no,yes,yes,no,yes,yes,no,yes,yes,yes,yes,yes,yes
167,-2.601366e-01,-1.868109e-01,-6.606316e-02,-6.661452e-02,-1.694792e-01,-7.738770e-02,-2.057587e-01,-2.291831e-01,-2.824690e-01,-2.558363e-01,-1.987698e-01,-1.917838e-01,no,yes,yes,no,no,yes,no,yes,yes,yes,yes,yes,yes
168,-2.430860e-01,-1.814235e-01,-3.307809e-02,-1.517124e-01,-1.542185e-01,-1.244356e-01,-2.022254e-01,-1.975360e-01,-3.044087e-01,-2.758171e-01,-2.602175e-01,-2.472311e-01,no,yes,yes,no,yes,yes,yes,yes,yes,yes,yes,yes,yes
169,-2.790534e-01,-1.100140e-01,+7.261253e-03,-1.302469e-01,-6.016264e-02,-1.267255e-01,-2.698825e-01,-2.800101e-01,-2.602945e-01,-2.649470e-01,-2.309712e-01,-1.842244e-01,no,yes,yes,no,yes,no,yes,yes,yes,yes,yes,yes,yes
170,-2.790190e-01,-2.545584e-01,-3.729368e-02,-7.542140e-02,-6.516406e-02,-7.722360e-02,-2.743190e-01,-2.281949e-01,-2.503843e-01,-2.490867e-01,-2.808139e-01,-2.376221e-01,no,yes,yes,no,no,no,no,yes,yes,yes,yes,yes,yes
171,-2.670086e-01,-2.322573e-01,+6.534578e-02,-1.940724e-01,-1.062915e-01,-1.215126e-01,-2.559067e-01,-3.375985e-01,-2.371554e-01,-2.881269e-01,-3.061421e-01,-2.445817e-01,no,yes,yes,no,yes,yes,yes,yes,yes,yes,yes,yes,yes
172,-3.197078e-01,-2.131965e-01,-1.027984e-01,-1.345719e-01,-9.564269e-02,-8.272612e-02,-2.243214e-01,-2.828831e-01,-3.483906e-01,-3.588141e-01,-2.832482e-01,-2.219973e-01,no,yes,yes,no,yes,no,no,yes,yes,yes,yes,yes,yes
173,-2.603518e-01,-1.696374e-01,+8.395009e-02,-1.089799e-01,-8.385685e-02,-1.151152e-01,-2.300043e-01,-2.731577e-01,-2.914920e-01,-2.838744e-01,-3.052315e-01,-2.194111e-01,no,yes,yes,no,yes,no,yes,yes,yes,yes,yes,yes,yes
174,-2.887767e-01,-1.837286e-01,+1.354006e-02,-1.627030e-01,-9.336158e-02,-1.400911e-01,-2.351866e-01,-3.041745e-01,-3.167369e-01,-3.369645e-01,-2.899212e-01,-3.028433e-01,no,yes,yes,no,yes,no,yes,yes,yes,yes,yes,yes,yes
175,-3.268327e-01,-2.117426e-01,-1.918217e-02,-1.782157e-01,-6.693352e-02,-9.099772e-02,-2.299147e-01,-3.239646e-01,-2.528759e-01,-3.667235e-01,-2.854706e-01,-3.032052e-01,no,yes,yes,no,yes,no,no,yes,yes,yes,yes,yes,yes
176,-3.351445e-01,-1.796840e-01,-1.543564e-03,-9.804995e-02,-1.806614e-01,-1.071689e-01,-2.531721e-01,-2.551411e-01,-2.316994e-01,-2.942434e-01,-2.417539e-01,-2.903134e-01,no,yes,yes,no,no,yes,yes,yes,yes,yes,yes,yes,yes
177,-3.475232e-01,-1.678064e-01,-4.335381e-03,-1.187534e-01,-9.051361e-02,-9.830553e-02,-2.973000e-01,-3.167452e-01,-2.450048e-01,-3.250433e-01,-3.111365e-01,-2.843813e-01,no,yes,yes,no,yes,no,no,yes,yes,yes,yes,yes,yes
178,-3.098447e-01,-2.454822e-01,-1.438761e-02,-8.583895e-02,-7.817160e-02,-1.832378e-01,-3.214405e-01,-2.858878e-01,-2.476171e-01,-3.550920e-01,-2.828112e-01,-3.095118e-01,no,yes,yes,no,no,no,yes,yes,yes,yes,yes,yes,yes
179,-3.163325e-01,-1.784124e-01,+2.531234e-02,-7.902010e-02,-9.399522e-02,-1.070716e-01,-3.546180e-01,-2.933658e-01,-3.104985e-01,-3.173490e-01,-3.224702e-01,-2.500193e-01,no,yes,yes,no,no,no,yes,yes,yes,yes,yes,yes,yes
180,-3.646092e-01,-1.721482e-01,+2.217404e-02,-1.628555e-01,-7.103171e-02,-1.256980e-02,-3.085439e-01,-2.233194e-01,-3.146316e-01,-2.492825e-01,-3.411628e-01,-1.839780e-01,yes,yes,yes,no,yes,no,no,yes,yes,yes,yes,yes,yes
181,-3.163325e-01,-1.784124e-01,+2.531234e-02,-7.902010e-02,-9.399522e-02,-1.070716e-01,-3.546180e-01,-2.933658e-01,-3.104985e-01,-3.173490e-01,-3.224702e-01,-2.500193e-01,no,yes,yes,no,no,no,yes,yes,yes,yes,yes,yes,yes
182,-3.098447e-01,-2.454822e-01,-1.438761e-02,-8.583895e-02,-7.817160e-02,-1.832378e-01,-3.214405e-01,-2.858878e-01,-2.476171e-01,-3.550920e-01,-2.828112e-01,-3.095118e-01,no,yes,yes,no,no,no,yes,yes,yes,yes,yes,yes,yes
183,-3.475232e-01,-1.678064e-01,-4.335381e-03,-1.187534e-01,-9.051361e-02,-9.830553e-02,-2.973000e-01,-3.167452e-01,-2.450048e-01,-3.250433e-01,-3.111365e-01,-2.843813e-01,no,yes,yes,no,yes,no,no,yes,yes,yes,yes,yes,yes
184,-3.351445e-01,-1.796840e-01,-1.543564e-03,-9.804995e-02,-1.806614e-01,-1.071689e-01,-2.531721e-01,-2.551411e-01,-2.316994e-01,-2.942434e-01,-2.417539e-01,-2.903134e-01,no,yes,yes,no,no,yes,yes,yes,yes,yes,yes,yes,yes
185,-3.268327e-01,-2.117426e-01,-1.918217e-02,-1.782157e-01,-6.693352e-02,-9.099772e-02,-2.299147e-01,-3.239646e-01,-2.528759e-01,-3.667235e-01,-2.854706e-01,-3.032052e-01,no,yes,yes,no,yes,no,no,yes,yes,yes,yes,yes,yes
186,-2.887767e-01,-1.837286e-01,+1.354006e-02,-1.627030e-01,-9.336158e-02,-1.400911e-01,-2.351866e-01,-3.041745e-01,-3.167369e-01,-3.369645e-01,-2.899212e-01,-3.028433e-01,no,yes,yes,no,yes,no,yes,yes,yes,yes,yes,yes,yes
187,-2.603518e-01,-1.696374e-01,+8.395009e-02,-1.089799e-01,-8.385685e-02,-1.151152e-01,-2.300043e-01,-2.731577e-01,-2.914920e-01,-2.838744e-01,-3.052315e-01,-2.194111e-01,no,yes,yes,no,yes,no,yes,yes,yes,yes,yes,yes,yes
188,-3.197078e-01,-2.131965e-01,-1.027984e-01,-1.345719e-01,-9.564269e-02,-8.272612e-02,-2.243214e-01,-2.828831e-01,-3.483906e-01,-3.588141e-01,-2.832482e-01,-2.219973e-01,no,yes,yes,no,yes,no,no,yes,yes,yes,yes,yes,yes
189,-2.670086e-01,-2.322573e-01,+6.534578e-02,-1.940724e-01,-1.062915e-01,-1.215126e-01,-2.559067e-01,-3.375985e-01,-2.371554e-01,-2.881269e-01,-3.061421e-01,-2.445817e-01,no,yes,yes,no,yes,yes,yes,yes,yes,yes,yes,yes,yes
190,-2.790190e-01,-2.545584e-01,-3.729368e-02,-7.542140e-02,-6.516406e-02,-7.722360e-02,-2.743190e-01,-2.281949e-01,-2.503843e-01,-2.490867e-01,-2.808139e-01,-2.376221e-01,no,yes,yes,no,no,no,no,yes,yes,yes,yes,yes,yes
191,-2.790534e-01,-1.100140e-01,+7.261253e-03,-1.302469e-01,-6.016264e-02,-1.267255e-01,-2.698825e-01,-2.800101e-01,-2.602945e-01,-2.649470e-01,-2.309712e-01,-1.842244e-01,no,yes,yes,no,yes,no,yes,yes,yes,yes,yes,yes,yes
192,-2.430860e-01,-1.814235e-01,-3.307809e-02,-1.517124e-01,-1.542185e-01,-1.244356e-01,-2.022254e-01,-1.975360e-01,-3.044087e-01,-2.758171e-01,-2.602175e-01,-2.472311e-01,no,yes,yes,no,yes,yes,yes,yes,yes,yes,yes,yes,yes
193,-2.601366e-01,-1.868109e-01,-6.606316e-02,-6.661452e-02,-1.694792e-01,-7.738770e-02,-2.057587e-01,-2.291831e-01,-2.824690e-01,-2.558363e-01,-1.987698e-01,-1.917838e-01,no,yes,yes,no,no,yes,no,yes,yes,yes,yes,yes,yes
194,-2.665977e-01,-1.271308e-01,-3.668188e-02,-1.306130e-01,-1.248994e-01,-8.031128e-02,-2.467770e-01,-2.304721e-01,-2.781805e-01,-2.177162e-01,-2.743459e-01,-1.839504e-01,no,yes,yes,no,yes,yes,no,yes,yes,yes,yes,yes,yes
195,-2.307842e-01,-2.132610e-01,+3.652335e-02,-1.650523e-01,-4.079213e-02,-9.549999e-02,-2.346791e-01,-2.114428e-01,-2.144378e-01,-2.366478e-01,-2.127195e-01,-1.560150e-01,no,yes,yes,no,yes,no,no,yes,yes,yes,yes,yes,yes
196,-2.487257e-01,-1.185281e-01,-2.569154e-02,-6.392270e-02,-6.360903e-02,-5.659749e-02,-2.295018e-01,-2.259125e-01,-2.155794e-01,-3.003871e-01,-2.041159e-01,-1.565763e-01,no,yes,yes,no,no,no,no,yes,yes,yes,yes,yes,yes
197,-2.048261e-01,-2.158668e-01,-7.089755e-02,-1.289914e-01,-5.178151e-02,-1.414798e-01,-3.061871e-01,-2.489237e-01,-2.126622e-01,-2.430204e-01,-1.337991e-01,-1.601258e-01,no,yes,yes,no,yes,no,yes,yes,yes,yes,yes,yes,yes
198,-2.289127e-01,-1.092680e-01,+5.145308e-03,-1.299060e-01,-3.230787e-02,-1.174347e-01,-2.508547e-01,-1.243851e-01,-2.177793e-01,-2.539249e-01,-1.975905e-01,-1.981864e-01,no,yes,yes,no,yes,no,yes,yes,yes,yes,yes,yes,yes
199,-2.402848e-01,-1.440380e-01,-1.775194e-02,+9.391322e-06,-1.008423e-01,-9.837288e-02,-2.589114e-01,-1.642255e-01,-2.133200e-01,-2.188219e-01,-2.249393e-01,-1.009541e-01,no,yes,yes,no,no,no,no,yes,yes,yes,yes,yes,no
200,-2.491137e-01,-1.704647e-01,+1.319025e-02,-5.528111e-02,-8.879603e-02,-2.883180e-02,-2.702820e-01,-1.998984e-01,-2.465290e-01,-2.044508e-01,-2.451070e-01,-1.262181e-01,no,yes,yes,no,no,no,no,yes,yes,yes,yes,yes,yes
201,-1.952520e-01,-2.122494e-01,+2.347457e-02,-2.206286e-02,-1.098054e-01,-1.276144e-01,-2.398355e-01,-1.571030e-01,-2.615516e-01,-1.801890e-01,-1.563548e-01,-1.853955e-01,no,yes,yes,no,no,yes,yes,yes,yes,yes,yes,yes,yes
202,-2.201968e-01,-1.841732e-01,-1.170612e-02,-5.526796e-02,-1.020386e-01,-1.587311e-01,-2.509781e-01,-1.873601e-01,-2.482491e-01,-2.675205e-01,-1.286348e-01,-9.808377e-02,no,yes,yes,no,no,no,yes,yes,yes,yes,yes,yes,no
203,-1.857064e-01,-1.606535e-01,+2.095123e-02,-9.617823e-02,-1.417074e-01,-8.788167e-02,-2.121693e-01,-1.762076e-01,-2.271973e-01,-2.291064e-01,-2.076762e-01,-1.918057e-01,no,yes,yes,no,no,yes,no,yes,yes,yes,yes,yes,yes
204,-2.113578e-01,-1.796264e-01,+1.367506e-02,-1.162092e-01,-1.645680e-01,-5.977619e-02,-1.833226e-01,-1.504439e-01,-2.153809e-01,-1.858750e-01,-2.177760e-01,-1.567550e-01,no,yes,yes,no,yes,yes,no,yes,yes,yes,yes,yes,yes
205,-2.320768e-01,-1.783779e-01,-2.826797e-02,-9.416437e-02,-1.056894e-01,-1.384674e-01,-1.980990e-01,-2.021486e-01,-2.334158e-01,-2.381699e-01,-2.649206e-01,-1.993252e-01,no,yes,yes,no,no,yes,yes,yes,yes,yes,yes,yes,yes
206,-2.574350e-01,-2.321725e-01,-2.256999e-02,-1.703860e-01,-8.687023e-02,-1.011153e-01,-1.801010e-01,-2.458457e-01,-2.256756e-01,-2.733962e-01,-2.339660e-01,-2.151750e-01,no,yes,yes,no,yes,no,no,yes,yes,yes,yes,yes,yes
207,-2.709995e-01,-1.918637e-01,-2.646804e-02,-9.669376e-02,-3.328129e-02,-1.350254e-01,-1.630476e-01,-2.595396e-01,-2.131190e-01,-2.643010e-01,-2.294094e-01,-3.022762e-01,no,yes,yes,no,no,no,yes,yes,yes,yes,yes,yes,yes
208,-3.360484e-01,-4.815691e-02,-1.177995e-02,-9.703765e-02,-8.970167e-02,-1.315302e-01,-1.974471e-01,-2.913520e-01,-2.147722e-01,-2.214066e-01,-2.641809e-01,-2.923009e-01,no,yes,no,no,no,no,yes,yes,yes,yes,yes,yes,yes
209,-2.968329e-01,-1.658141e-01,-1.582418e-01,-8.493240e-02,-7.631624e-02,-2.217176e-01,-1.491614e-01,-2.662443e-01,-1.796014e-01,-2.692954e-01,-2.686383e-01,-3.222712e-01,no,yes,yes,yes,no,no,yes,yes,yes,yes,yes,yes,yes
210,-2.282874e-01,-1.023618e-01,+1.050626e-02,-1.159353e-01,+2.529666e-02,-1.408098e-01,-2.093456e-01,-3.099039e-01,-1.674042e-01,-3.003066e-01,-2.578520e-01,-2.810233e-01,no,yes,no,no,yes,no,yes,yes,yes,yes,yes,yes,yes
211,-1.961179e-01,-1.446781e-01,-8.186976e-02,-1.841357e-02,-3.189357e-02,-1.772235e-01,-2.335404e-01,-2.678154e-01,-1.562246e-01,-2.568954e-01,-2.286375e-01,-2.959306e-01,no,yes,yes,no,no,no,yes,yes,yes,yes,yes,yes,yes
212,-2.331695e-01,-1.458017e-01,+3.369484e-02,-1.134577e-01,-4.400980e-02,-2.294285e-01,-2.090349e-01,-2.497049e-01,-1.407129e-01,-2.440399e-01,-2.784461e-01,-3.110477e-01,no,yes,yes,no,yes,no,yes,yes,yes,yes,yes,yes,yes
213,-2.851370e-01,-5.742245e-02,+3.838838e-02,-1.159410e-01,-6.238663e-02,-1.920471e-01,-1.902936e-01,-2.333327e-01,-2.046494e-01,-2.537122e-01,-2.808289e-01,-2.997607e-01,no,yes,no,no,yes,no,yes,yes,yes,yes,yes,yes,yes
214,-3.365375e-01,-5.983792e-02,-1.263446e-02,-3.973835e-02,-3.868919e-02,-2.075302e-01,-2.075098e-01,-2.101799e-01,-2.321586e-01,-3.090224e-01,-2.585597e-01,-2.516471e-01,no,yes,no,no,no,no,yes,yes,yes,yes,yes,yes,yes
215,-2.669015e-01,-1.623478e-01,+2.968455e-03,-1.220860e-01,-1.192026e-01,-2.030697e-01,-2.612543e-01,-2.044681e-01,-2.358879e-01,-3.063841e-01,-2.688796e-01,-2.340419e-01,no,yes,yes,no,yes,yes,yes,yes,yes,yes,yes,yes,yes
216,-2.333679e-01,-1.253718e-01,-1.827053e-02,-1.372094e-01,-6.627301e-02,-2.023405e-01,-2.564480e-01,-2.449073e-01,-2.562156e-01,-2.873788e-01,-2.414343e-01,-1.692996e-01,no,yes,yes,no,yes,no,yes,yes,yes,yes,yes,yes,yes
217,-2.271632e-01,-1.508539e-01,-1.114611e-02,-7.442581e-02,+4.420249e-03,-1.509842e-01,-2.193584e-01,-2.039862e-01,-1.897055e-01,-2.170970e-01,-2.354271e-01,-1.606202e-01,no,yes,yes,no,no,no,yes,yes,yes,yes,yes,yes,yes
218,-2.667740e-01,-4.939401e-02,-1.959893e-02,-1.208526e-01,-4.932651e-02,-1.545256e-01,-1.788169e-01,-2.693325e-01,-1.838614e-01,-1.981323e-01,-2.577656e-01,-2.208470e-01,no,yes,no,no,yes,no,yes,yes,yes,yes,yes,yes,yes
219,-2.581295e-01,-7.867456e-02,+3.643511e-02,-8.752462e-02,-1.298705e-01,-2.175465e-01,-1.668558e-01,-1.799005e-01,-2.132375e-01,-2.216610e-01,-2.237286e-01,-2.112002e-01,no,yes,no,no,no,yes,yes,yes,yes,yes,yes,yes,yes
220,-2.855702e-01,-6.456256e-02,-1.115394e-01,-8.178795e-02,-6.730741e-02,-2.015424e-01,-1.649371e-01,-1.926564e-01,-2.117138e-01,-2.692661e-01,-2.127011e-01,-1.533740e-01,no,yes,no,yes,no,no,yes,yes,yes,yes,yes,yes,yes
221,-2.045731e-01,-1.835050e-01,-7.720583e-02,-1.240236e-01,-8.608235e-02,-1.217670e-01,-1.491191e-01,-1.374652e-01,-2.171340e-01,-2.514075e-01,-1.939043e-01,-2.345655e-01,no,yes,yes,no,yes,no,yes,yes,yes,yes,yes,yes,yes
222,-2.145050e-01,-1.045927e-01,-1.370287e-02,-2.287772e-02,-3.894036e-03,-1.116080e-01,-1.217897e-01,-2.020349e-01,-2.282487e-01,-1.896677e-01,-1.922627e-01,-1.311923e-01,no,yes,yes,no,no,no,yes,yes,yes,yes,yes,yes,yes
223,-1.503151e-01,-1.323990e-01,-7.955658e-02,-3.257894e-02,-4.360392e-02,-1.399661e-01,-1.742741e-01,-1.470007e-01,-1.875622e-01,-1.907763e-01,-1.338306e-01,-2.123424e-01,no,yes,yes,no,no,no,yes,yes,yes,yes,yes,yes,yes
224,-2.032606e-01,-1.300011e-01,-2.084455e-02,-1.643056e-01,-1.185404e-01,-1.982106e-01,-1.081376e-01,-2.117669e-01,-2.046030e-01,-2.102611e-01,-1.607837e-01,-1.403894e-01,no,yes,yes,no,yes,yes,yes,yes,yes,yes,yes,yes,yes
225,-1.870257e-01,-9.631595e-02,-4.241566e-02,-1.800419e-02,-1.417958e-01,-1.583091e-01,-1.629501e-01,-1.203294e-01,-1.712567e-01,-1.359870e-01,-1.624783e-01,-1.524909e-01,no,yes,no,no,no,yes,yes,yes,yes,yes,yes,yes,yes
226,-1.525043e-01,-1.037477e-01,+4.630224e-02,-6.816921e-02,-1.547933e-01,-1.331961e-01,-1.652450e-01,-1.567744e-01,-1.763138e-01,-1.525310e-01,-1.793099e-01,-1.471335e-01,no,yes,yes,no,no,yes,yes,yes,yes,yes,yes,yes,yes
227,-1.580755e-01,-7.988945e-02,-3.286015e-02,-9.085726e-02,-5.116762e-02,-1.515571e-01,-2.133908e-01,-1.741310e-01,-1.814764e-01,-1.663260e-01,-1.480080e-01,-1.353897e-01,no,yes,no,no,no,no,yes,yes,yes,yes,yes,yes,yes
228,-1.419966e-01,-5.822257e-02,+6.737620e-03,-8.625948e-02,-5.068900e-02,-1.506882e-01,-1.659054e-01,-1.450593e-01,-1.212835e-01,-1.763454e-01,-1.345376e-01,-7.523506e-02,no,yes,no,no,no,no,yes,yes,yes,yes,yes,yes,no
229,-1.170361e-01,-5.905726e-02,-3.238521e-02,-7.822311e-02,-9.217618e-02,-1.720533e-01,-1.624970e-01,-1.365404e-01,-1.327341e-01,-1.664665e-01,-9.869858e-02,-1.298959e-01,no,yes,no,no,no,no,yes,yes,yes,yes,yes,no,yes
230,-1.242663e-01,-7.104744e-02,-7.653529e-02,-2.348913e-02,-9.879182e-02,-1.673713e-01,-1.702537e-01,-1.776392e-01,-1.265552e-01,-1.210217e-01,-5.427287e-02,-9.113051e-02,no,yes,no,no,no,no,yes,yes,yes,yes,yes,no,no
231,-1.206178e-01,-8.096321e-02,+2.181561e-02,-4.478905e-02,-1.161696e-01,-1.585582e-01,-1.705179e-01,-1.367621e-01,-1.534058e-01,-1.485266e-01,-1.859497e-01,-1.071817e-01,no,yes,no,no,no,yes,yes,yes,yes,yes,yes,yes,yes
232,-2.318055e-01,-1.067107e-01,+1.536944e-02,-5.660204e-02,-7.943847e-02,-2.209246e-01,-1.502833e-01,-1.619287e-01,-1.140098e-01,-1.609962e-01,-1.561427e-01,-8.676130e-02,no,yes,yes,no,no,no,yes,yes,yes,yes,yes,yes,no
233,-1.560597e-01,-9.702456e-02,+3.694291e-03,-1.118981e-01,-7.886258e-02,-1.732397e-01,-1.639869e-01,-1.210998e-01,-1.437418e-01,-1.403902e-01,-1.467595e-01,-1.655688e-01,no,yes,no,no,yes,no,yes,yes,yes,yes,yes,yes,yes
234,-8.449770e-02,-1.651317e-01,+3.136590e-02,-8.442467e-02,+4.451062e-02,-8.747387e-02,-1.264180e-01,-1.463733e-01,-1.038073e-01,-1.453957e-01,-7.120810e-02,-1.280563e-01,no,no,yes,no,no,no,no,yes,yes,yes,yes,no,yes
235,-9.361614e-02,-2.447248e-02,-5.792930e-02,-8.811474e-02,-9.591589e-02,-1.221006e-01,-7.829957e-02,-8.966967e-02,-1.125429e-01,-1.388205e-01,-8.559692e-02,-1.463953e-01,no,no,no,no,no,no,yes,no,no,yes,yes,no,yes
236,-1.485060e-01,-7.924988e-02,-7.716732e-02,-8.699967e-02,-4.488116e-02,-1.676112e-01,-9.502581e-02,-1.409315e-01,-1.492354e-01,-1.089772e-01,-1.333816e-01,-1.732946e-01,no,yes,no,no,no,no,yes,no,yes,yes,yes,yes,yes
237,-1.269704e-01,-7.858503e-02,-1.698211e-02,-7.512334e-02,-7.902505e-02,-1.421855e-01,-6.725851e-02,-1.540074e-01,-1.686690e-01,-1.437081e-01,-2.461704e-01,-1.818003e-01,no,yes,no,no,no,no,yes,no,yes,yes,yes,yes,yes
238,-2.111251e-01,-1.890772e-02,-2.189690e-02,-6.104793e-02,-1.548735e-02,-1.240260e-01,-1.077701e-01,-2.207277e-01,-1.293887e-01,-1.155541e-01,-1.826936e-01,-1.818963e-01,no,yes,no,no,no,no,yes,yes,yes,yes,yes,yes,yes
239,-2.169574e-01,-1.264994e-01,-4.977476e-02,-2.881786e-02,-8.410926e-02,-1.195503e-01,-1.214389e-01,-1.414865e-01,-1.111042e-01,-1.753633e-01,-1.475432e-01,-1.213213e-01,no,yes,yes,no,no,no,yes,yes,yes,yes,yes,yes,yes
240,-1.746775e-01,-1.082689e-01,+6.482300e-02,+3.892997e-02,-8.914439e-02,-1.471063e-01,-6.266785e-02,-1.529566e-01,-1.203722e-01,-2.310714e-01,-1.976891e-01,-1.358300e-01,no,yes,yes,no,no,no,yes,no,yes,yes,yes,yes,yes
241,-2.132143e-01,-1.685151e-01,-6.146267e-02,-1.157939e-01,-9.613800e-02,-1.243369e-01,-1.063237e-01,-1.684608e-01,-1.516075e-01,-1.882278e-01,-1.786335e-01,-1.245917e-01,no,yes,yes,no,yes,no,yes,yes,yes,yes,yes,yes,yes
242,-2.082639e-01,-1.474668e-01,+5.973452e-03,-8.185534e-02,-1.179233e-01,-6.532394e-02,-8.241001e-02,-1.635549e-01,-1.572056e-01,-2.071868e-01,-2.021948e-01,-1.524790e-01,no,yes,yes,no,no,yes,no,no,yes,yes,yes,yes,yes
243,-1.602829e-01,-5.448225e-02,+3.241337e-02,+4.325111e-03,-2.642347e-02,-1.185047e-01,-3.408766e-02,-1.856047e-01,-1.156039e-01,-2.052458e-01,-2.106996e-01,-1.220387e-01,no,yes,no,no,no,no,yes,no,yes,yes,yes,yes,yes
244,-1.624900e-01,-1.202110e-01,+5.419501e-03,-6.157482e-02,-6.631502e-02,-1.094951e-01,-1.296778e-01,-1.752785e-01,-1.380772e-01,-1.878896e-01,-1.490363e-01,-1.333196e-01,no,yes,yes,no,no,no,yes,yes,yes,yes,yes,yes,yes
245,-1.820874e-01,-4.720170e-02,-2.229293e-02,-1.267274e-01,-1.098482e-01,-1.578399e-01,-6.212110e-02,-1.124505e-01,-8.412154e-02,-1.703913e-01,-1.524055e-01,-1.074828e-01,no,yes,no,no,yes,yes,yes,no,yes,no,yes,yes,yes
246,-1.989384e-01,-6.634752e-02,-2.568640e-02,-5.559767e-02,+2.269481e-02,-1.350492e-01,-9.330026e-02,-1.240968e-01,-8.513313e-02,-1.726472e-01,-1.387179e-01,-1.171513e-01,no,yes,no,no,no,no,yes,no,yes,no,yes,yes,yes
247,-1.962353e-01,-4.283642e-02,-3.395363e-02,-8.840188e-02,-6.163790e-02,-1.340056e-01,-1.122600e-01,-1.481895e-01,-1.197336e-01,-2.086965e-01,-1.814760e-01,-1.177621e-01,no,yes,no,no,no,no,yes,yes,yes,yes,yes,yes,yes
248,-1.468526e-01,-9.114678e-02,+1.979687e-02,-3.012148e-02,-2.952357e-04,-1.294205e-01,-5.010312e-02,-1.749544e-01,-1.285875e-01,-2.142610e-01,-1.887726e-01,-1.217838e-01,no,yes,no,no,no,no,yes,no,yes,yes,yes,yes,yes
249,-1.416450e-01,-3.704293e-02,-1.000652e-02,-4.369428e-02,+2.712305e-03,-1.433749e-01,-6.158695e-02,-1.958430e-01,-1.350763e-01,-1.670265e-01,-1.713130e-01,-1.852428e-01,no,yes,no,no,no,no,yes,no,yes,yes,yes,yes,yes
250,-1.692120e-01,-6.460305e-02,-1.616970e-03,-4.831331e-02,-7.410625e-03,-1.174361e-01,-5.414981e-03,-1.469151e-01,-1.680959e-01,-1.308811e-01,-1.775088e-01,-1.183146e-01,no,yes,no,no,no,no,yes,no,yes,yes,yes,yes,yes
251,-1.468596e-01,-1.937304e-01,-7.293081e-02,+3.913599e-02,-1.137318e-02,-1.424877e-01,-6.159484e-02,-1.438805e-01,-1.330368e-01,-1.338579e-01,-1.551953e-01,-1.731189e-01,no,yes,yes,no,no,no,yes,no,yes,yes,yes,yes,yes
252,-1.976382e-01,-8.001477e-02,+3.489283e-02,+4.017908e-02,-2.587697e-02,-1.618538e-01,-9.789946e-02,-1.390460e-01,-1.249052e-01,-1.423038e-01,-1.152642e-01,-1.386390e-01,no,yes,no,no,no,no,yes,no,yes,yes,yes,yes,yes
253,-1.410098e-01,-8.016150e-02,+8.761649e-03,-6.520292e-02,-9.107480e-02,-1.604435e-01,-8.784168e-02,-1.356584e-01,-1.511459e-01,-1.246348e-01,-1.462936e-01,-1.111733e-01,no,yes,no,no,no,no,yes,no,yes,yes,yes,yes,yes
254,-1.019930e-01,-8.615902e-02,+1.647883e-02,+6.533305e-02,-2.953285e-02,-6.005253e-02,-1.115221e-01,-1.116665e-01,-1.426840e-01,-1.357221e-01,-1.015629e-01,-1.647421e-01,no,no,no,no,no,no,no,yes,yes,yes,yes,no,yes
255,-7.129328e-02,-6.694049e-02,+5.589805e-02,+2.894135e-02,-3.076126e-02,-3.455628e-02,-1.224499e-01,-6.240924e-02,-9.113048e-02,-1.287888e-01,-8.168867e-02,-1.315887e-01,no,no,no,no,no,no,no,yes,no,no,yes,no,yes
256,-1.057151e-01,-1.535965e-01,+1.147995e-02,-6.995271e-02,+1.503479e-02,-1.212568e-01,-7.057421e-02,-9.571132e-03,-9.010995e-02,-1.083775e-01,-7.702231e-02,-8.390604e-02,no,yes,yes,no,no,no,yes,no,no,no,yes,no,no
257,-1.115117e-01,+1.817362e-02,-1.147457e-02,-6.732606e-03,+3.536798e-02,-9.413009e-02,-1.106900e-01,-1.251988e-02,-1.297806e-01,-9.584928e-02,-3.376378e-02,-3.840294e-03,no,yes,no,no,no,no,no,yes,no,yes,no,no,no
258,-8.212263e-02,-8.698233e-02,+4.790584e-03,-2.568320e-02,-2.786918e-02,-4.473870e-02,-1.168890e-01,+3.887486e-02,-1.082855e-01,-2.108774e-02,+5.497816e-03,-6.768334e-02,no,no,no,no,no,no,no,yes,no,yes,no,no,no
259,-2.623242e-03,-3.659233e-02,-7.495425e-03,-7.084575e-02,+1.205055e-02,-4.360297e-02,-4.659923e-02,-9.249251e-04,-8.588119e-02,+1.349488e-02,-1.578832e-02,+7.185602e-02,no,no,no,no,no,no,no,no,no,no,no,no,no
260,+3.512075e-02,-4.329988e-02,+3.231032e-02,+2.733585e-02,-6.466626e-02,-5.789660e-02,-6.060340e-02,-5.234525e-03,-3.240611e-02,+5.665919e-02,-5.053229e-02,-4.662500e-02,no,no,no,no,no,no,no,no,no,no,no,no,no
261,-1.898185e-02,-6.370388e-02,+1.588083e-01,-3.389884e-02,-4.164177e-02,-5.742739e-02,+1.312985e-02,+6.398896e-02,-3.615741e-02,+1.759951e-02,-1.087846e-03,+8.029020e-02,no,no,no,yes,no,no,no,no,no,no,no,no,no
262,+1.189636e-02,-4.949050e-03,-3.207680e-02,-6.042116e-02,-3.920740e-02,-6.603180e-02,+3.514900e-02,+1.855225e-03,-7.969584e-03,-1.767729e-02,+2.697149e-02,+5.174005e-02,no,no,no,no,no,no,no,no,no,no,no,no,no
263,+5.430532e-03,+4.897126e-02,-1.592291e-02,-7.027455e-03,-1.764569e-02,-7.018884e-02,-2.955913e-02,-3.363915e-02,-1.392977e-03,-2.984779e-02,+2.041063e-02,+5.898944e-02,no,no,no,no,no,no,no,no,no,no,no,no,no
264,-3.037993e-02,-3.877545e-03,-1.918062e-02,+3.958679e-03,-2.689467e-02,+4.652889e-03,-1.229693e-01,+2.949686e-02,-3.912717e-02,-1.798610e-02,-2.642412e-02,+1.261102e-02,no,no,no,no,no,no,no,yes,no,no,no,no,no
265,-4.267195e-02,+1.489091e-02,+4.716853e-02,-2.498863e-02,+1.655797e-02,-2.034879e-02,-1.194338e-01,-5.646814e-02,-1.331310e-02,-1.309398e-02,-3.590134e-02,-3.850852e-02,no,no,no,no,no,no,no,yes,no,no,no,no,no
266,-4.918667e-02,-3.272361e-02,-1.767857e-03,+2.463008e-02,+1.775918e-02,-5.470034e-02,-8.763284e-02,-3.321247e-02,+6.816825e-03,-1.099996e-02,-5.414899e-02,-4.862067e-02,no,no,no,no,no,no,no,no,no,no,no,no,no
267,-1.779000e-02,-2.444054e-02,-3.498761e-02,+4.769128e-02,-2.464040e-03,-7.171043e-02,-1.054084e-01,-3.414613e-02,-2.354020e-02,-1.598585e-02,+3.601959e-02,-3.026929e-02,no,no,no,no,no,no,no,yes,no,no,no,no,no
268,-6.169813e-03,-4.221828e-02,-1.926048e-02,-3.147023e-02,-6.497082e-02,-1.821629e-02,-1.070219e-01,-4.575517e-02,+3.564543e-03,-3.279148e-02,+1.305408e-02,-1.026875e-02,no,no,no,no,no,no,no,yes,no,no,no,no,no
269,-2.410017e-03,+1.465194e-02,+1.186641e-03,+3.426456e-02,-6.303604e-03,-5.806533e-02,-8.185472e-02,-2.220310e-02,+2.397248e-02,+1.313468e-02,-3.611735e-02,-4.936593e-02,no,no,no,no,no,no,no,no,no,no,no,no,no
270,-1.746923e-02,-3.586120e-02,+5.311355e-02,-3.628772e-02,-3.340419e-02,-3.441255e-02,-2.809960e-02,-3.269615e-03,-7.950350e-02,-7.281408e-03,-2.807095e-02,-5.834056e-02,no,no,no,no,no,no,no,no,no,no,no,no,no
271,-1.768342e-02,+1.469827e-03,-2.834017e-02,-4.771754e-03,-7.276896e-02,-1.532261e-02,-6.634399e-03,-8.181931e-02,-1.050135e-01,-7.892100e-02,-1.593062e-02,-6.951661e-02,no,no,no,no,no,no,no,no,no,yes,no,no,no
272,-7.809373e-02,+2.107458e-02,+2.803978e-02,+2.493833e-02,-4.023024e-02,+7.390588e-04,-6.679380e-03,-1.792756e-02,-6.187728e-02,-8.394378e-02,-5.307716e-02,-6.957278e-02,no,no,no,no,no,no,no,no,no,no,no,no,no
273,+9.196759e-03,+4.500351e-02,+2.822530e-02,+5.916514e-03,+3.791519e-02,-2.496533e-02,-2.290595e-04,-9.383351e-02,-4.651004e-02,-4.814863e-02,-7.415505e-02,+1.810858e-03,no,no,no,no,no,no,no,no,no,no,no,no,no
274,-1.362120e-02,+1.009448e-01,+5.825007e-02,-6.906048e-02,-2.463121e-02,-7.090017e-02,+4.823891e-02,-5.156140e-02,+1.466442e-02,-2.336937e-02,-3.664871e-02,-5.569915e-02,no,no,no,no,no,no,no,no,no,no,no,no,no
275,-6.801232e-02,-1.029638e-02,-5.126352e-03,+7.304045e-02,+8.052258e-02,-5.647729e-03,+1.451781e-02,+7.138485e-03,+3.927679e-02,-5.127718e-02,-6.470217e-02,-4.875195e-02,no,no,no,no,no,no,no,no,no,no,no,no,no
276,+5.601336e-03,-1.178122e-02,+3.876227e-02,+9.045590e-03,+3.575320e-02,+4.897575e-02,+3.576979e-02,-2.352387e-02,+1.887771e-03,-6.801303e-02,-2.220085e-05,-4.417437e-02,no,no,no,no,no,no,no,no,no,no,no,no,no
277,-5.304863e-02,+5.546013e-02,+1.806556e-02,-5.552040e-02,-7.122955e-02,+8.615806e-02,+2.768792e-02,-9.616977e-02,-2.880062e-02,-3.360286e-02,+6.985021e-04,-3.333721e-02,no,no,no,no,no,no,no,no,no,no,no,no,no
278,-4.080126e-02,-1.173297e-03,-1.375870e-01,-9.608100e-04,-6.488283e-02,+2.694988e-02,+2.911842e-02,-4.643868e-02,+1.436494e-02,-8.878856e-03,-4.595614e-02,-1.118086e-02,no,no,no,yes,no,no,no,no,no,no,no,no,no
279,-4.234111e-02,+7.816315e-02,+2.764535e-02,+4.648029e-02,-8.021875e-02,-2.437974e-02,+7.708880e-03,-4.522625e-02,-8.717642e-04,+3.212861e-03,-4.305115e-02,+6.525170e-04,no,no,no,no,no,no,no,no,no,no,no,no,no
280,-2.153788e-02,+2.964617e-02,-2.117620e-02,+1.916341e-03,-5.206828e-02,-3.727539e-02,-4.118177e-02,+6.057874e-02,+1.796760e-02,+8.701615e-04,-1.273644e-02,+7.800261e-03,no,no,no,no,no,no,no,no,no,no,no,no,no
281,-5.928486e-02,+3.256979e-02,+4.019310e-02,+6.161620e-02,+2.012924e-02,+4.811203e-02,-3.015105e-02,+2.375742e-02,+4.580293e-02,-4.752430e-04,-2.190766e-02,+5.764707e-02,no,no,no,no,no,no,no,no,no,no,no,no,no
282,+2.060550e-03,+3.887754e-02,+7.891045e-03,+3.476497e-02,-5.262695e-02,+5.399276e-02,-4.149452e-02,+3.619486e-02,+4.448346e-02,-4.094418e-02,+2.184182e-02,-4.581656e-02,no,no,no,no,no,no,no,no,no,no,no,no,no
283,+3.449201e-02,+5.877099e-02,-5.651865e-02,+5.392450e-02,-2.725079e-02,+5.635543e-02,-2.321588e-02,+4.475849e-02,-2.218698e-02,-2.727339e-02,+2.384181e-02,+5.543276e-02,no,no,no,no,no,no,no,no,no,no,no,no,no
284,+1.018740e-02,+2.359683e-02,-3.123866e-02,+9.154411e-02,-2.895702e-02,+1.040532e-02,-2.157815e-02,+3.287838e-02,+3.596931e-03,-1.592541e-02,+3.221215e-02,-3.104976e-03,no,no,no,no,no,no,no,no,no,no,no,no,no
285,+4.419648e-02,+4.008047e-02,+6.000680e-03,-6.184634e-02,+2.071614e-02,+2.987755e-02,-5.379837e-04,-7.186905e-03,-9.763084e-03,+9.012708e-02,-3.349002e-02,+2.479151e-03,no,no,no,no,no,no,no,no,no,no,no,no,no
286,+3.266564e-02,+2.259323e-02,+7.982464e-02,-4.522661e-03,+7.787268e-03,+4.747438e-02,+2.144995e-02,+4.987888e-02,+4.968486e-03,+8.147557e-02,+4.557529e-02,+5.160513e-02,no,no,no,no,no,no,no,no,no,no,no,no,no
287,+1.028290e-01,+6.931155e-02,+3.553676e-02,+6.045258e-02,+3.213983e-02,+3.934006e-02,+4.780451e-02,+7.080838e-03,+5.598927e-03,+5.833311e-02,+9.429282e-02,+9.815267e-02,no,no,no,no,no,no,no,no,no,no,no,no,no
288,+1.472084e-01,+4.848856e-02,+5.211592e-02,+1.017847e-01,-1.964460e-02,+3.289330e-02,+9.072150e-02,+4.730458e-02,+8.612994e-02,+6.726907e-02,+1.246762e-01,+3.043738e-02,no,yes,no,no,no,no,no,no,no,no,no,yes,no
289,+8.148988e-02,+1.727276e-02,-6.721824e-04,+5.504017e-02,-1.597994e-02,+3.527724e-02,+1.309615e-01,+1.305830e-01,+1.249933e-01,+8.421689e-02,+9.716083e-02,+6.300995e-02,no,no,no,no,no,no,no,yes,yes,yes,no,no,no
290,+8.892162e-02,+6.537444e-02,-4.461142e-02,+8.023558e-02,-5.685584e-02,+6.698088e-03,+1.207323e-01,+9.550559e-02,+1.488825e-01,+1.590980e-01,+1.141660e-01,+8.772349e-02,no,no,no,no,no,no,no,yes,no,yes,yes,yes,no
291,+1.260694e-01,+7.859052e-02,+6.852119e-02,-1.096221e-02,+5.830397e-02,-5.299276e-03,+8.254617e-02,+1.015906e-01,+1.432414e-01,+1.461816e-01,+1.140613e-01,+1.200888e-01,no,yes,no,no,no,no,no,no,no,yes,yes,yes,yes
292,+1.770535e-01,+5.312330e-03,-1.374557e-02,+5.338797e-02,-3.373628e-02,+6.928836e-02,+1.145344e-01,+1.135738e-01,+8.845518e-02,+1.189619e-01,+1.274622e-01,+1.316262e-01,no,yes,no,no,no,no,no,yes,yes,no,yes,yes,yes
293,+1.479212e-01,+7.966805e-02,+1.314047e-02,+2.984537e-02,-5.890508e-03,+5.675024e-02,+1.578309e-01,+8.565816e-02,+7.336268e-02,+1.598223e-01,+1.658909e-01,+1.499950e-01,no,yes,no,no,no,no,no,yes,no,no,yes,yes,yes
294,+1.671321e-01,+1.439930e-01,-5.588665e-03,+1.330543e-02,+3.533870e-02,-6.332570e-03,+9.212429e-02,+1.525085e-01,+8.653562e-02,+2.016775e-01,+1.942286e-01,+1.196352e-01,no,yes,yes,no,no,no,no,no,yes,no,yes,yes,yes
295,+1.496393e-01,+4.202530e-02,-2.608937e-02,+1.895641e-02,+3.023854e-02,+7.699860e-02,+5.568791e-02,+1.203467e-01,+1.531537e-01,+1.536684e-01,+2.199307e-01,+1.306670e-01,no,yes,no,no,no,no,no,no,yes,yes,yes,yes,yes
296,+1.286025e-01,+1.054988e-01,-1.056044e-01,+1.478066e-01,+3.034229e-02,+4.691783e-02,+2.609027e-02,+1.177069e-01,+1.052830e-01,+1.336115e-01,+9.750970e-02,+1.429837e-01,no,yes,yes,yes,yes,no,no,no,yes,yes,yes,no,yes
297,+1.727626e-01,+1.272210e-01,-6.341071e-03,+7.749035e-03,+4.109185e-02,+2.361336e-02,+2.104133e-02,+2.243127e-01,+1.383310e-01,+1.667229e-01,+1.082341e-01,+1.631649e-01,no,yes,yes,no,no,no,no,no,yes,yes,yes,yes,yes
298,+1.600920e-01,+3.056097e-02,+1.104980e-02,+7.590905e-02,-8.122103e-02,+7.879723e-02,+2.383844e-02,+1.519200e-01,+1.250886e-01,+1.529008e-01,+1.017979e-01,+1.817583e-01,no,yes,no,no,no,no,no,no,yes,yes,yes,no,yes
299,+1.926734e-01,+1.492006e-01,+2.240318e-02,+9.851316e-02,+6.209635e-02,+7.011223e-02,+4.738673e-02,+1.687094e-01,+1.698698e-01,+1.550724e-01,+2.357502e-01,+1.991085e-01,no,yes,yes,no,no,no,no,no,yes,yes,yes,yes,yes
300,+1.658080e-01,-4.359816e-02,+5.790247e-02,-1.373036e-02,+3.033409e-02,+7.249126e-02,+8.650614e-02,+2.090043e-01,+1.059159e-01,+2.184319e-01,+2.227282e-01,+1.246589e-01,no,yes,no,no,no,no,no,no,yes,yes,yes,yes,yes
301,+1.627224e-01,+1.353664e-01,+5.619936e-02,+6.368273e-02,+5.288643e-02,+1.025766e-01,+6.272282e-02,+1.726254e-01,+1.197861e-01,+1.759224e-01,+1.757926e-01,+1.686043e-01,no,yes,yes,no,no,no,no,no,yes,yes,yes,yes,yes
302,+1.867184e-01,+6.814348e-02,+4.448382e-02,+2.280336e-02,+2.215918e-02,+8.288847e-02,+1.508515e-01,+1.345359e-01,+6.324133e-02,+1.628674e-01,+1.299927e-01,+1.212892e-01,no,yes,no,no,no,no,no,yes,yes,no,yes,yes,yes
303,+1.947643e-01,+2.128798e-02,+8.320002e-02,+8.174454e-03,+6.088516e-02,+1.243475e-02,+1.930183e-01,+1.195347e-01,+1.606502e-01,+1.566799e-01,+1.542758e-01,+1.421746e-01,no,yes,no,no,no,no,no,yes,yes,yes,yes,yes,yes
304,+1.335777e-01,+9.707480e-02,-3.011156e-02,+5.718805e-02,-2.332903e-03,+3.702997e-02,+1.113804e-01,+1.405954e-01,+1.170947e-01,+1.922784e-01,+1.400487e-01,+1.400785e-01,no,yes,no,no,no,no,no,yes,yes,yes,yes,yes,yes
305,+1.361368e-01,+8.422357e-02,-3.227899e-04,+1.122038e-02,-1.428303e-02,+5.429705e-02,+1.566763e-01,+2.445178e-01,+1.012473e-01,+1.584365e-01,+1.081925e-01,+1.453470e-01,no,yes,no,no,no,no,no,yes,yes,no,yes,yes,yes
306,+1.284133e-01,+1.438976e-01,+2.936607e-02,+6.252021e-04,-4.288018e-02,+1.058280e-01,+1.608048e-01,+1.553260e-01,+1.217063e-01,+1.128245e-01,+1.249609e-01,+5.670252e-02,no,yes,yes,no,no,no,yes,yes,yes,yes,yes,yes,no
307,+1.097008e-01,+6.931457e-02,+6.983923e-02,+1.392926e-01,+8.451917e-02,+2.230090e-02,+2.112499e-01,+1.511438e-01,+9.156000e-02,+1.126047e-01,+1.329743e-01,+1.047120e-01,no,yes,no,no,yes,no,no,yes,yes,no,yes,yes,yes
308,+9.830207e-02,+1.394930e-01,-9.258326e-02,+3.087633e-02,-3.815101e-03,-1.425233e-03,+1.809072e-01,+8.785779e-02,+1.210148e-01,+1.541420e-01,+1.066834e-01,+1.027932e-01,no,no,yes,no,no,no,no,yes,no,yes,yes,yes,no
309,+1.020855e-01,+1.187603e-01,+2.579767e-02,+8.905075e-03,+3.817030e-02,+6.195139e-02,+1.270336e-01,+6.895456e-02,+1.121969e-01,+1.194456e-01,+6.355680e-02,+1.120961e-01,no,no,yes,no,no,no,no,yes,no,yes,yes,no,yes
310,+1.041407e-01,+1.057074e-01,+2.651914e-02,+7.402169e-02,-2.347136e-02,+7.478504e-02,+1.205005e-01,+6.757371e-02,+1.540705e-01,+1.079117e-01,+9.221734e-02,+4.116875e-02,no,yes,yes,no,no,no,no,yes,no,yes,yes,no,no
311,+1.315197e-01,+1.067287e-01,-4.602001e-02,+9.199092e-02,+3.229995e-02,+1.924573e-02,+8.348574e-02,+1.596091e-01,+1.376195e-01,+1.562047e-01,+1.165481e-01,+9.850072e-02,no,yes,yes,no,no,no,no,no,yes,yes,yes,yes,no
312,+1.697611e-01,+1.996585e-02,-8.249810e-03,-2.703726e-02,+9.933540e-02,+4.252789e-02,+9.660556e-02,+8.449425e-02,+1.522953e-01,+9.969414e-02,+1.498377e-01,+9.101455e-02,no,yes,no,no,no,no,no,no,no,yes,no,yes,no
313,+1.321176e-01,+1.485139e-01,+1.030472e-02,+8.780112e-03,+7.171645e-02,+2.639116e-02,+1.505803e-01,+1.354137e-01,+1.358152e-01,+1.398379e-01,+1.277888e-01,+1.314476e-01,no,yes,yes,no,no,no,no,yes,yes,yes,yes,yes,yes
314,+1.269469e-01,+9.024475e-02,-3.561108e-02,-4.447985e-02,+5.699481e-02,+6.580423e-02,+1.473366e-01,+1.155436e-01,+1.762674e-01,+1.421328e-01,+1.471876e-01,+1.442815e-01,no,yes,no,no,no,no,no,yes,yes,yes,yes,yes,yes
315,+1.305081e-01,+1.711312e-01,+3.664173e-02,-4.387963e-03,+8.162578e-02,-1.151846e-02,+1.233917e-01,+1.550721e-01,+1.522385e-01,+1.475849e-01,+1.236484e-01,+1.700790e-01,no,yes,yes,no,no,no,no,yes,yes,yes,yes,yes,yes
316,+1.699149e-01,+1.488392e-01,+8.383650e-03,+6.031598e-02,+4.314220e-02,+4.625143e-02,+1.821224e-01,+1.963609e-01,+1.498797e-01,+1.712313e-01,+1.606215e-01,+1.909486e-01,no,yes,yes,no,no,no,no,yes,yes,yes,yes,yes,yes
317,+2.207295e-01,+4.508615e-02,-2.721542e-02,+4.571758e-02,+6.089448e-02,+1.033147e-01,+1.476456e-01,+1.994365e-01,+1.617175e-01,+1.521225e-01,+1.790958e-01,+2.186977e-01,no,yes,no,no,no,no,yes,yes,yes,yes,yes,yes,yes
318,+1.694210e-01,+9.345884e-02,+3.898123e-02,+6.483223e-02,+2.501801e-02,+9.592622e-02,+2.122668e-01,+1.779244e-01,+1.050841e-01,+2.230372e-01,+2.395952e-01,+2.114760e-01,no,yes,no,no,no,no,no,yes,yes,yes,yes,yes,yes
319,+1.604308e-01,+5.041884e-02,-2.992195e-02,+1.402078e-01,+4.499940e-02,+9.523567e-02,+2.237701e-01,+2.264422e-01,+1.728567e-01,+2.438057e-01,+1.871702e-01,+1.932452e-01,no,yes,no,no,yes,no,no,yes,yes,yes,yes,yes,yes
320,+1.986516e-01,+2.335526e-02,-7.962411e-02,+1.516392e-01,+5.838861e-02,+8.689022e-02,+2.149429e-01,+1.612602e-01,+1.675524e-01,+2.292817e-01,+1.967390e-01,+2.006298e-01,no,yes,no,no,yes,no,no,yes,yes,yes,yes,yes,yes
321,+2.711210e-01,+1.256962e-01,+1.229220e-01,+1.397633e-01,+9.499487e-02,+1.186825e-01,+2.020224e-01,+2.150388e-01,+1.937722e-01,+2.218223e-01,+1.605309e-01,+2.097214e-01,no,yes,yes,yes,yes,no,yes,yes,yes,yes,yes,yes,yes
322,+2.689024e-01,+1.071237e-01,-3.683100e-02,+3.559987e-02,+7.529134e-02,+2.173817e-01,+2.133987e-01,+1.963012e-01,+1.626533e-01,+2.517924e-01,+2.493021e-01,+1.805646e-01,no,yes,yes,no,no,no,yes,yes,yes,yes,yes,yes,yes
323,+2.351378e-01,+1.557840e-01,-4.081126e-02,+1.192079e-01,+1.286095e-01,+1.248874e-01,+1.984126e-01,+2.398937e-01,+1.771763e-01,+2.197467e-01,+2.399582e-01,+2.889161e-01,no,yes,yes,no,yes,yes,yes,yes,yes,yes,yes,yes,yes
324,+2.692531e-01,+1.748752e-01,-6.358691e-02,+1.188901e-01,+1.193385e-01,+1.290111e-01,+2.113082e-01,+3.000577e-01,+2.401224e-01,+2.416152e-01,+2.289884e-01,+2.629017e-01,no,yes,yes,no,yes,yes,yes,yes,yes,yes,yes,yes,yes
325,+2.338524e-01,+1.628613e-01,-7.257164e-03,+1.135550e-01,+7.779406e-02,+1.413224e-01,+1.291168e-01,+2.879128e-01,+3.032269e-01,+3.148354e-01,+2.522695e-01,+2.633077e-01,no,yes,yes,no,yes,no,yes,yes,yes,yes,yes,yes,yes
326,+3.499755e-01,+1.492791e-01,+1.762992e-02,-2.719737e-02,+1.083213e-01,+1.965637e-01,+1.505456e-01,+2.282381e-01,+3.024863e-01,+2.957677e-01,+2.873271e-01,+2.020927e-01,no,yes,yes,no,no,yes,yes,yes,yes,yes,yes,yes,yes
327,+3.459383e-01,+1.391248e-01,+1.530078e-02,+3.058841e-03,+4.410493e-02,+1.748878e-01,+2.049605e-01,+2.728350e-01,+2.782974e-01,+3.331408e-01,+3.174542e-01,+2.379663e-01,no,yes,yes,no,no,no,yes,yes,yes,yes,yes,yes,yes
328,+3.362503e-01,+7.751866e-02,+9.802139e-03,+1.099213e-01,+7.728491e-02,+9.915104e-02,+1.808958e-01,+2.295717e-01,+2.460190e-01,+3.306261e-01,+3.522951e-01,+1.950059e-01,no,yes,no,no,yes,no,no,yes,yes,yes,yes,yes,yes
329,+2.790747e-01,+1.316449e-01,+1.555941e-02,+7.599602e-02,+3.077883e-02,+1.444484e-01,+2.439311e-01,+3.008138e-01,+2.457497e-01,+3.138245e-01,+2.728128e-01,+2.518762e-01,no,yes,yes,no,no,no,yes,yes,yes,yes,yes,yes,yes
330,+3.259349e-01,+1.446704e-01,-8.306700e-03,+1.042947e-01,+7.141754e-02,+1.754103e-01,+2.146674e-01,+2.496223e-01,+2.745572e-01,+3.014707e-01,+2.720592e-01,+2.920329e-01,no,yes,yes,no,yes,no,yes,yes,yes,yes,yes,yes,yes
331,+3.394476e-01,+1.237384e-01,-4.826359e-02,+1.400827e-01,+1.227437e-01,+1.711042e-01,+2.047782e-01,+2.302466e-01,+2.664496e-01,+2.657508e-01,+2.749741e-01,+2.417412e-01,no,yes,yes,no,yes,yes,yes,yes,yes,yes,yes,yes,yes
332,+2.786495e-01,+1.910889e-01,-3.302611e-02,+9.568796e-02,+4.188119e-02,+1.656972e-01,+2.346854e-01,+2.076778e-01,+2.784721e-01,+3.511725e-01,+3.119170e-01,+2.652367e-01,no,yes,yes,no,no,no,yes,yes,yes,yes,yes,yes,yes
333,+2.925365e-01,+2.170729e-01,+1.169448e-01,+9.089966e-02,+1.310859e-01,+1.756800e-01,+2.540995e-01,+2.795354e-01,+2.705867e-01,+3.160843e-01,+2.517258e-01,+2.171044e-01,no,yes,yes,yes,no,yes,yes,yes,yes,yes,yes,yes,yes
334,+3.093197e-01,+1.090531e-01,+5.160458e-02,+6.787421e-02,+1.346627e-01,+1.264797e-01,+2.653142e-01,+2.113069e-01,+2.608970e-01,+2.934374e-01,+2.569680e-01,+2.404357e-01,no,yes,yes,no,no,yes,yes,yes,yes,yes,yes,yes,yes
335,+3.165174e-01,+1.512040e-01,-9.945099e-02,+9.872103e-02,+8.006790e-02,+1.756600e-01,+2.135143e-01,+2.866943e-01,+2.418075e-01,+3.212094e-01,+2.653297e-01,+2.439216e-01,no,yes,yes,no,no,no,yes,yes,yes,yes,yes,yes,yes
336,+2.952743e-01,+1.031356e-01,+5.439512e-03,+8.360483e-02,+1.101796e-01,+2.174833e-01,+1.808380e-01,+2.380767e-01,+2.347749e-01,+2.836919e-01,+3.057856e-01,+2.786153e-01,no,yes,no,no,no,yes,yes,yes,yes,yes,yes,yes,yes
337,+2.678144e-01,+9.404608e-02,-1.567312e-02,+1.125407e-01,+1.121211e-01,+2.141284e-01,+1.052622e-01,+2.287688e-01,+2.340363e-01,+2.437213e-01,+3.097576e-01,+2.024022e-01,no,yes,no,no,yes,yes,yes,yes,yes,yes,yes,yes,yes
338,+2.708771e-01,+1.468290e-01,-1.241744e-01,+7.502889e-02,+1.480283e-01,+2.136524e-01,+1.641141e-01,+2.835319e-01,+2.953891e-01,+2.272848e-01,+1.791989e-01,+2.135131e-01,no,yes,yes,yes,no,yes,yes,yes,yes,yes,yes,yes,yes
339,+2.012906e-01,+9.926070e-02,+3.456379e-02,+1.763751e-01,+9.220078e-02,+2.156988e-01,+1.828706e-01,+2.279896e-01,+2.628257e-01,+2.430470e-01,+1.855858e-01,+1.628595e-01,no,yes,no,no,yes,no,yes,yes,yes,yes,yes,yes,yes
340,+2.106340e-01,+1.824265e-01,+3.100099e-02,+7.397113e-02,+1.224867e-01,+2.094604e-01,+2.152342e-01,+2.054502e-01,+2.692267e-01,+2.250417e-01,+1.948142e-01,+2.157804e-01,no,yes,yes,no,no,yes,yes,yes,yes,yes,yes,yes,yes
341,+1.986399e-01,+1.545100e-01,-3.519801e-03,+5.648532e-02,+1.063627e-01,+2.443011e-01,+2.800683e-01,+2.281961e-01,+1.937144e-01,+2.719370e-01,+2.436384e-01,+2.241763e-01,no,yes,yes,no,no,yes,yes,yes,yes,yes,yes,yes,yes
342,+2.588445e-01,+1.839434e-01,+3.125840e-02,+7.945616e-02,+1.257170e-01,+2.072892e-01,+2.501621e-01,+2.157861e-01,+1.895074e-01,+2.450062e-01,+2.278157e-01,+2.802155e-01,no,yes,yes,no,no,yes,yes,yes,yes,yes,yes,yes,yes
343,+2.567409e-01,+2.378285e-01,-9.224826e-02,+8.466749e-02,+7.596776e-02,+2.502797e-01,+2.564625e-01,+2.092079e-01,+1.927838e-01,+2.384517e-01,+2.509864e-01,+2.101785e-01,no,yes,yes,no,no,no,yes,yes,yes,yes,yes,yes,yes
344,+2.606205e-01,+1.828091e-01,+3.353103e-02,+6.371669e-02,+1.458938e-01,+2.166280e-01,+2.751984e-01,+2.326940e-01,+2.116043e-01,+2.195936e-01,+2.214772e-01,+2.530238e-01,no,yes,yes,no,no,yes,yes,yes,yes,yes,yes,yes,yes
345,+2.091875e-01,+1.188291e-01,+6.703078e-02,+1.227834e-01,+1.571185e-01,+2.415535e-01,+2.797010e-01,+1.995405e-01,+2.231216e-01,+2.084535e-01,+2.009495e-01,+2.229480e-01,no,yes,yes,no,yes,yes,yes,yes,yes,yes,yes,yes,yes
346,+3.107967e-01,+1.779682e-01,+1.874650e-02,+8.173343e-02,+9.635379e-02,+2.105259e-01,+3.070177e-01,+2.447332e-01,+3.052612e-01,+2.748539e-01,+1.904623e-01,+2.205604e-01,no,yes,yes,no,no,no,yes,yes,yes,yes,yes,yes,yes
347,+2.379742e-01,+6.399201e-02,+2.695068e-02,+8.613219e-02,+1.043990e-01,+2.241415e-01,+3.409045e-01,+1.845543e-01,+2.993454e-01,+2.641164e-01,+2.561336e-01,+1.609382e-01,no,yes,no,no,no,yes,yes,yes,yes,yes,yes,yes,yes
348,+2.977543e-01,+1.831443e-01,+8.725013e-02,+1.170431e-01,+1.917469e-01,+2.125383e-01,+2.853872e-01,+2.567326e-01,+2.665591e-01,+2.391718e-01,+2.781736e-01,+2.426760e-01,no,yes,yes,no,yes,yes,yes,yes,yes,yes,yes,yes,yes
349,+2.917434e-01,+2.334869e-01,+5.911166e-02,+9.596389e-02,+1.631149e-01,+2.575824e-01,+3.315784e-01,+2.836574e-01,+2.851683e-01,+3.020159e-01,+2.902313e-01,+2.032965e-01,no,yes,yes,no,no,yes,yes,yes,yes,yes,yes,yes,yes
350,+2.792451e-01,+1.823586e-01,-1.576577e-01,+1.234188e-01,+2.109484e-01,+2.759050e-01,+2.677862e-01,+2.786982e-01,+2.753621e-01,+3.092832e-01,+2.827739e-01,+1.462108e-01,no,yes,yes,yes,yes,yes,yes,yes,yes,yes,yes,yes,yes
351,+3.076268e-01,+2.495734e-01,-3.387774e-02,+1.578250e-01,+1.182921e-01,+2.257840e-01,+2.650228e-01,+2.457758e-01,+2.801575e-01,+3.118641e-01,+2.738231e-01,+1.522097e-01,no,yes,yes,no,yes,yes,yes,yes,yes,yes,yes,yes,yes
352,+3.691883e-01,+1.964744e-01,+4.914771e-02,+1.715566e-01,+1.129158e-01,+2.791952e-01,+2.523280e-01,+2.613920e-01,+2.842563e-01,+3.367852e-01,+2.610682e-01,+1.560404e-01,no,yes,yes,no,yes,yes,yes,yes,yes,yes,yes,yes,yes
353,+3.492495e-01,+1.524072e-01,+6.114113e-02,+3.219372e-02,+1.252895e-01,+2.519243e-01,+2.516044e-01,+2.382307e-01,+2.957188e-01,+3.807295e-01,+2.868007e-01,+1.791858e-01,no,yes,yes,no,no,yes,yes,yes,yes,yes,yes,yes,yes
354,+3.765030e-01,+1.761728e-01,+7.068254e-02,+1.167640e-01,+1.409713e-01,+3.008574e-01,+2.798940e-01,+3.244261e-01,+3.442323e-01,+3.664810e-01,+3.489644e-01,+2.577106e-01,no,yes,yes,no,yes,yes,yes,yes,yes,yes,yes,yes,yes
355,+3.704735e-01,+2.339791e-01,+1.219436e-02,+6.412876e-02,+1.459668e-01,+3.452629e-01,+2.826235e-01,+3.092450e-01,+2.747608e-01,+3.480485e-01,+3.537481e-01,+2.281069e-01,no,yes,yes,no,no,yes,yes,yes,yes,yes,yes,yes,yes
356,+3.348688e-01,+1.740594e-01,-3.098594e-03,+1.159586e-01,+1.404336e-01,+3.931021e-01,+2.676490e-01,+3.019763e-01,+3.013332e-01,+3.793277e-01,+3.429055e-01,+3.056618e-01,no,yes,yes,no,yes,yes,yes,yes,yes,yes,yes,yes,yes
357,+3.354247e-01,+1.455456e-01,-4.699523e-02,+1.467497e-01,+2.061633e-01,+2.984223e-01,+3.259834e-01,+2.940588e-01,+3.424582e-01,+3.567938e-01,+2.535024e-01,+3.213971e-01,no,yes,yes,no,yes,yes,yes,yes,yes,yes,yes,yes,yes
358,+3.739044e-01,+2.276351e-01,-2.105645e-02,+1.769939e-01,+1.721103e-01,+2.186278e-01,+4.150637e-01,+3.618302e-01,+4.268748e-01,+3.475863e-01,+3.314816e-01,+4.162894e-01,no,yes,yes,no,yes,yes,yes,yes,yes,yes,yes,yes,yes
359,+4.630905e-01,+1.907066e-01,+1.586100e-04,+2.455486e-01,+2.198474e-01,+3.739343e-01,+5.196572e-01,+4.507930e-01,+4.667962e-01,+4.976201e-01,+4.355625e-01,+4.011717e-01,no,yes,yes,no,yes,yes,yes,yes,yes,yes,yes,yes,yes
