bin_deg,gauquelin_extracted_norm,Sun_residual_sigma30_norm,Moon_residual_sigma30_norm,Mercury_residual_sigma30_norm,Venus_residual_sigma30_norm,Mars_residual_sigma30_norm,Jupiter_residual_sigma30_norm,Saturn_residual_sigma30_norm,Uranus_residual_sigma30_norm,Neptune_residual_sigma30_norm,Pluto_residual_sigma30_norm,Rahu_residual_sigma30_norm
0,+3.377483e-01,+4.626663e-01,+6.651172e-01,+4.143958e-01,+6.314325e-01,+8.268690e-01,+5.525741e-01,-3.687452e-01,+3.139695e-01,-6.761414e-02,-2.456857e-01,-2.839603e-01
1,+3.188269e-01,+4.651172e-01,+6.651632e-01,+4.151599e-01,+6.392248e-01,+8.198954e-01,+5.128151e-01,-3.765570e-01,+2.896081e-01,-7.091487e-02,-2.214093e-01,-2.519713e-01
2,+2.242195e-01,+4.678723e-01,+6.651439e-01,+4.162665e-01,+6.469766e-01,+8.124276e-01,+4.718489e-01,-3.839312e-01,+2.643727e-01,-7.546272e-02,-1.970549e-01,-2.193749e-01
3,+2.052980e-01,+4.709563e-01,+6.650494e-01,+4.177177e-01,+6.546753e-01,+8.044657e-01,+4.299784e-01,-3.906430e-01,+2.383890e-01,-8.012919e-02,-1.723993e-01,-1.863507e-01
4,+1.674551e-01,+4.743545e-01,+6.648911e-01,+4.195100e-01,+6.623156e-01,+7.960513e-01,+3.874134e-01,-3.961159e-01,+2.122219e-01,-8.476185e-02,-1.472525e-01,-1.528172e-01
5,+1.296121e-01,+4.780314e-01,+6.646418e-01,+4.216129e-01,+6.699072e-01,+7.871636e-01,+3.441615e-01,-4.007479e-01,+1.854812e-01,-8.944322e-02,-1.213042e-01,-1.188932e-01
6,+9.176916e-02,+4.819595e-01,+6.642934e-01,+4.240009e-01,+6.773773e-01,+7.777600e-01,+3.002568e-01,-4.048719e-01,+1.589932e-01,-9.514874e-02,-9.566422e-02,-8.473485e-02
7,+5.392621e-02,+4.861201e-01,+6.638391e-01,+4.266601e-01,+6.847527e-01,+7.678633e-01,+2.559515e-01,-4.077054e-01,+1.321165e-01,-1.001685e-01,-6.966945e-02,-5.044128e-02
8,+3.500473e-02,+4.905067e-01,+6.632697e-01,+4.295828e-01,+6.919797e-01,+7.574659e-01,+2.113911e-01,-4.099615e-01,+1.050273e-01,-1.052141e-01,-4.315124e-02,-1.593028e-02
9,+1.608325e-02,+4.950536e-01,+6.625719e-01,+4.327391e-01,+6.990400e-01,+7.465601e-01,+1.666345e-01,-4.112515e-01,+7.780424e-02,-1.106258e-01,-1.655380e-02,+1.874730e-02
10,-2.175970e-02,+4.997498e-01,+6.617366e-01,+4.360998e-01,+7.059179e-01,+7.351343e-01,+1.218059e-01,-4.115609e-01,+5.083080e-02,-1.163174e-01,+9.717000e-03,+5.337836e-02
11,-5.960265e-02,+5.045794e-01,+6.607638e-01,+4.396481e-01,+7.125982e-01,+7.231737e-01,+7.715579e-02,-4.109086e-01,+2.389662e-02,-1.212906e-01,+3.646966e-02,+8.793443e-02
12,-9.744560e-02,+5.094931e-01,+6.596353e-01,+4.433703e-01,+7.190465e-01,+7.107211e-01,+3.272425e-02,-4.096121e-01,-2.760253e-03,-1.260115e-01,+6.325189e-02,+1.223115e-01
13,-9.744560e-02,+5.144473e-01,+6.583355e-01,+4.472172e-01,+7.252396e-01,+6.977013e-01,-1.153321e-02,-4.072050e-01,-2.928338e-02,-1.305868e-01,+8.995870e-02,+1.563863e-01
14,-1.352886e-01,+5.194121e-01,+6.568604e-01,+4.511514e-01,+7.311530e-01,+6.841850e-01,-5.518732e-02,-4.040523e-01,-5.526937e-02,-1.351299e-01,+1.163344e-01,+1.900723e-01
15,-1.352886e-01,+5.244003e-01,+6.551905e-01,+4.551823e-01,+7.367804e-01,+6.701798e-01,-9.820694e-02,-3.997560e-01,-8.077212e-02,-1.389865e-01,+1.429705e-01,+2.234838e-01
16,-1.731315e-01,+5.293051e-01,+6.533091e-01,+4.592569e-01,+7.420759e-01,+6.556147e-01,-1.405491e-01,-3.951587e-01,-1.060842e-01,-1.426405e-01,+1.688835e-01,+2.562868e-01
17,-1.920530e-01,+5.341141e-01,+6.512289e-01,+4.633644e-01,+7.470569e-01,+6.405533e-01,-1.819916e-01,-3.896854e-01,-1.305026e-01,-1.455473e-01,+1.947516e-01,+2.884730e-01
18,-1.920530e-01,+5.388479e-01,+6.489382e-01,+4.674747e-01,+7.516763e-01,+6.249961e-01,-2.222555e-01,-3.834089e-01,-1.541288e-01,-1.479098e-01,+2.205841e-01,+3.201735e-01
19,-2.109745e-01,+5.433813e-01,+6.464319e-01,+4.715499e-01,+7.559102e-01,+6.089709e-01,-2.614877e-01,-3.761210e-01,-1.770521e-01,-1.498223e-01,+2.456809e-01,+3.510219e-01
20,-2.298959e-01,+5.477239e-01,+6.436901e-01,+4.755725e-01,+7.597586e-01,+5.924744e-01,-2.994171e-01,-3.678934e-01,-1.989663e-01,-1.506206e-01,+2.708473e-01,+3.811161e-01
21,-2.298959e-01,+5.518459e-01,+6.407071e-01,+4.795208e-01,+7.631821e-01,+5.755219e-01,-3.360604e-01,-3.585767e-01,-2.201036e-01,-1.505707e-01,+2.956658e-01,+4.104541e-01
22,-2.677389e-01,+5.556805e-01,+6.374738e-01,+4.833378e-01,+7.661572e-01,+5.581123e-01,-3.712530e-01,-3.490044e-01,-2.404850e-01,-1.502935e-01,+3.196002e-01,+4.388420e-01
23,-2.677389e-01,+5.591998e-01,+6.339830e-01,+4.870084e-01,+7.686752e-01,+5.402554e-01,-4.049671e-01,-3.389073e-01,-2.595649e-01,-1.490109e-01,+3.428880e-01,+4.660602e-01
24,-3.055818e-01,+5.624265e-01,+6.302503e-01,+4.905354e-01,+7.707380e-01,+5.220482e-01,-4.367040e-01,-3.275825e-01,-2.772001e-01,-1.458269e-01,+3.662166e-01,+4.924617e-01
25,-3.055818e-01,+5.652776e-01,+6.262624e-01,+4.938547e-01,+7.723135e-01,+5.034356e-01,-4.668081e-01,-3.153110e-01,-2.937536e-01,-1.423560e-01,+3.888636e-01,+5.175813e-01
26,-3.055818e-01,+5.677173e-01,+6.220036e-01,+4.969379e-01,+7.733817e-01,+4.844592e-01,-4.953200e-01,-3.026306e-01,-3.091519e-01,-1.377549e-01,+4.106940e-01,+5.417707e-01
27,-3.245033e-01,+5.697286e-01,+6.174572e-01,+4.997895e-01,+7.739306e-01,+4.651240e-01,-5.218831e-01,-2.897331e-01,-3.234453e-01,-1.321453e-01,+4.319010e-01,+5.648803e-01
28,-3.245033e-01,+5.712614e-01,+6.126338e-01,+5.023641e-01,+7.739376e-01,+4.454848e-01,-5.464677e-01,-2.759233e-01,-3.363457e-01,-1.258306e-01,+4.525658e-01,+5.865098e-01
29,-3.434248e-01,+5.723378e-01,+6.075548e-01,+5.046551e-01,+7.734383e-01,+4.255901e-01,-5.688768e-01,-2.616079e-01,-3.476109e-01,-1.180176e-01,+4.726098e-01,+6.070567e-01
30,-3.434248e-01,+5.728845e-01,+6.021980e-01,+5.066327e-01,+7.723938e-01,+4.054148e-01,-5.893550e-01,-2.469115e-01,-3.576773e-01,-1.091688e-01,+4.915133e-01,+6.263772e-01
31,-3.434248e-01,+5.729000e-01,+5.965707e-01,+5.082901e-01,+7.707981e-01,+3.850120e-01,-6.075650e-01,-2.313714e-01,-3.663813e-01,-9.923372e-02,+5.100460e-01,+6.444748e-01
32,-3.434248e-01,+5.723963e-01,+5.906677e-01,+5.095997e-01,+7.686561e-01,+3.644477e-01,-6.237200e-01,-2.149921e-01,-3.733552e-01,-8.773969e-02,+5.279381e-01,+6.614680e-01
33,-3.434248e-01,+5.713289e-01,+5.844826e-01,+5.105470e-01,+7.659647e-01,+3.437339e-01,-6.376550e-01,-1.980775e-01,-3.789628e-01,-7.541477e-02,+5.454718e-01,+6.772689e-01
34,-3.434248e-01,+5.696317e-01,+5.780138e-01,+5.110728e-01,+7.627067e-01,+3.228502e-01,-6.495287e-01,-1.812782e-01,-3.834389e-01,-6.254095e-02,+5.618953e-01,+6.916078e-01
35,-3.434248e-01,+5.673384e-01,+5.712579e-01,+5.111620e-01,+7.588760e-01,+3.018380e-01,-6.590986e-01,-1.638977e-01,-3.864979e-01,-4.801212e-02,+5.773033e-01,+7.047500e-01
36,-3.434248e-01,+5.644232e-01,+5.642504e-01,+5.108403e-01,+7.545033e-01,+2.808119e-01,-6.663679e-01,-1.461957e-01,-3.879723e-01,-3.188971e-02,+5.922082e-01,+7.165391e-01
37,-3.434248e-01,+5.608531e-01,+5.569772e-01,+5.100844e-01,+7.495563e-01,+2.597397e-01,-6.714917e-01,-1.280814e-01,-3.878766e-01,-1.539854e-02,+6.064334e-01,+7.271207e-01
38,-3.434248e-01,+5.566700e-01,+5.494383e-01,+5.088839e-01,+7.440514e-01,+2.386840e-01,-6.743723e-01,-1.099217e-01,-3.863436e-01,+2.328523e-03,+6.199739e-01,+7.363469e-01
39,-3.434248e-01,+5.518079e-01,+5.416287e-01,+5.072061e-01,+7.379985e-01,+2.176604e-01,-6.751182e-01,-9.179835e-02,-3.835442e-01,+2.058263e-02,+6.322823e-01,+7.441671e-01
40,-3.434248e-01,+5.463288e-01,+5.335868e-01,+5.050787e-01,+7.314182e-01,+1.967441e-01,-6.736457e-01,-7.316049e-02,-3.790446e-01,+4.033158e-02,+6.437925e-01,+7.507212e-01
41,-3.245033e-01,+5.401901e-01,+5.252957e-01,+5.024605e-01,+7.242946e-01,+1.759391e-01,-6.700114e-01,-5.483228e-02,-3.732416e-01,+6.076130e-02,+6.545721e-01,+7.560189e-01
42,-3.245033e-01,+5.334027e-01,+5.167682e-01,+4.993653e-01,+7.166575e-01,+1.553197e-01,-6.642442e-01,-3.616806e-02,-3.662133e-01,+8.263053e-02,+6.646549e-01,+7.600788e-01
43,-3.245033e-01,+5.259702e-01,+5.079990e-01,+4.957442e-01,+7.085127e-01,+1.348835e-01,-6.564266e-01,-1.721268e-02,-3.576579e-01,+1.050703e-01,+6.739086e-01,+7.628359e-01
44,-3.245033e-01,+5.179070e-01,+4.990126e-01,+4.916532e-01,+6.998753e-01,+1.146738e-01,-6.464430e-01,+1.684427e-03,-3.477561e-01,+1.281833e-01,+6.822116e-01,+7.645017e-01
45,-3.245033e-01,+5.092124e-01,+4.898256e-01,+4.870570e-01,+6.907702e-01,+9.473191e-02,-6.344728e-01,+1.994442e-02,-3.364863e-01,+1.524349e-01,+6.893717e-01,+7.650120e-01
46,-3.055818e-01,+4.999064e-01,+4.804518e-01,+4.819799e-01,+6.812170e-01,+7.509850e-02,-6.204282e-01,+3.867696e-02,-3.238417e-01,+1.769430e-01,+6.963583e-01,+7.645451e-01
47,-3.055818e-01,+4.899860e-01,+4.708693e-01,+4.764038e-01,+6.712100e-01,+5.582435e-02,-6.045371e-01,+5.681779e-02,-3.098360e-01,+2.019018e-01,+7.021850e-01,+7.629517e-01
48,-3.055818e-01,+4.794768e-01,+4.611019e-01,+4.703252e-01,+6.607707e-01,+3.690274e-02,-5.868410e-01,+7.512906e-02,-2.949501e-01,+2.282445e-01,+7.075759e-01,+7.602258e-01
49,-3.055818e-01,+4.683590e-01,+4.511676e-01,+4.637146e-01,+6.499277e-01,+1.837513e-02,-5.674874e-01,+9.292419e-02,-2.791973e-01,+2.547405e-01,+7.119003e-01,+7.563731e-01
50,-2.866604e-01,+4.566994e-01,+4.410600e-01,+4.566189e-01,+6.386944e-01,+2.868505e-04,-5.466289e-01,+1.104903e-01,-2.622471e-01,+2.812147e-01,+7.156116e-01,+7.515785e-01
51,-2.866604e-01,+4.445344e-01,+4.308205e-01,+4.490416e-01,+6.271098e-01,-1.734335e-02,-5.239943e-01,+1.285200e-01,-2.442430e-01,+3.092961e-01,+7.188714e-01,+7.460361e-01
52,-2.866604e-01,+4.318435e-01,+4.204338e-01,+4.409623e-01,+6.151756e-01,-3.451557e-02,-4.999783e-01,+1.455755e-01,-2.252934e-01,+3.369393e-01,+7.209991e-01,+7.394368e-01
53,-2.677389e-01,+4.186512e-01,+4.099151e-01,+4.324311e-01,+6.029071e-01,-5.114851e-02,-4.746300e-01,+1.621333e-01,-2.053371e-01,+3.645508e-01,+7.226513e-01,+7.320735e-01
54,-2.677389e-01,+4.050065e-01,+3.992925e-01,+4.234334e-01,+5.903421e-01,-6.724555e-02,-4.478255e-01,+1.781467e-01,-1.844884e-01,+3.930594e-01,+7.234662e-01,+7.237833e-01
55,-2.488174e-01,+3.909029e-01,+3.885484e-01,+4.139622e-01,+5.775013e-01,-8.281529e-02,-4.198744e-01,+1.935741e-01,-1.630373e-01,+4.211737e-01,+7.232670e-01,+7.145638e-01
56,-2.488174e-01,+3.763815e-01,+3.777273e-01,+4.040527e-01,+5.644389e-01,-9.780690e-02,-3.907087e-01,+2.085163e-01,-1.406894e-01,+4.487477e-01,+7.226348e-01,+7.047694e-01
57,-2.488174e-01,+3.614939e-01,+3.668293e-01,+3.937129e-01,+5.511365e-01,-1.121965e-01,-3.603994e-01,+2.232226e-01,-1.178607e-01,+4.769196e-01,+7.215224e-01,+6.942929e-01
58,-2.488174e-01,+3.462523e-01,+3.558694e-01,+3.829496e-01,+5.376479e-01,-1.259579e-01,-3.292916e-01,+2.373006e-01,-9.424196e-02,+5.052980e-01,+7.197521e-01,+6.830838e-01
59,-2.488174e-01,+3.306827e-01,+3.448351e-01,+3.717581e-01,+5.239679e-01,-1.391241e-01,-2.973667e-01,+2.505120e-01,-6.998133e-02,+5.336180e-01,+7.176089e-01,+6.712390e-01
60,-2.488174e-01,+3.148173e-01,+3.337669e-01,+3.601651e-01,+5.101368e-01,-1.516789e-01,-2.646837e-01,+2.632770e-01,-4.539517e-02,+5.611270e-01,+7.142974e-01,+6.588317e-01
61,-2.488174e-01,+2.986490e-01,+3.226518e-01,+3.481739e-01,+4.961634e-01,-1.636247e-01,-2.313980e-01,+2.749083e-01,-2.080861e-02,+5.881256e-01,+7.105809e-01,+6.458553e-01
62,-2.488174e-01,+2.822812e-01,+3.115142e-01,+3.358295e-01,+4.821175e-01,-1.749117e-01,-1.973146e-01,+2.863973e-01,+4.302195e-03,+6.156471e-01,+7.070283e-01,+6.325034e-01
63,-2.488174e-01,+2.656984e-01,+3.003663e-01,+3.231121e-01,+4.679870e-01,-1.855813e-01,-1.628267e-01,+2.970732e-01,+3.014226e-02,+6.422562e-01,+7.027897e-01,+6.187506e-01
64,-2.488174e-01,+2.489494e-01,+2.892031e-01,+3.100400e-01,+4.538032e-01,-1.956158e-01,-1.280776e-01,+3.069462e-01,+5.586328e-02,+6.679787e-01,+6.972865e-01,+6.044861e-01
65,-2.488174e-01,+2.320312e-01,+2.780321e-01,+2.966489e-01,+4.395719e-01,-2.050376e-01,-9.305000e-02,+3.157365e-01,+8.194333e-02,+6.939540e-01,+6.917339e-01,+5.898954e-01
66,-2.488174e-01,+2.149656e-01,+2.668712e-01,+2.829019e-01,+4.253316e-01,-2.138697e-01,-5.800766e-02,+3.232376e-01,+1.076831e-01,+7.186182e-01,+6.857577e-01,+5.747556e-01
67,-2.488174e-01,+1.978119e-01,+2.557453e-01,+2.688670e-01,+4.110975e-01,-2.220858e-01,-2.290896e-02,+3.302729e-01,+1.336284e-01,+7.426574e-01,+6.794486e-01,+5.593631e-01
68,-2.488174e-01,+1.806024e-01,+2.446258e-01,+2.545356e-01,+3.969007e-01,-2.296989e-01,+1.211065e-02,+3.365704e-01,+1.593238e-01,+7.656830e-01,+6.723397e-01,+5.436308e-01
69,-2.298959e-01,+1.634006e-01,+2.335611e-01,+2.399729e-01,+3.827604e-01,-2.367049e-01,+4.704418e-02,+3.422764e-01,+1.851467e-01,+7.885783e-01,+6.654308e-01,+5.277311e-01
70,-2.298959e-01,+1.461963e-01,+2.225309e-01,+2.251506e-01,+3.686836e-01,-2.431770e-01,+8.166508e-02,+3.463797e-01,+2.106912e-01,+8.100175e-01,+6.574952e-01,+5.116747e-01
71,-2.298959e-01,+1.289742e-01,+2.115387e-01,+2.100981e-01,+3.547147e-01,-2.490897e-01,+1.160002e-01,+3.494936e-01,+2.361928e-01,+8.304132e-01,+6.493347e-01,+4.954288e-01
72,-2.298959e-01,+1.118179e-01,+2.006058e-01,+1.948161e-01,+3.408720e-01,-2.544431e-01,+1.498959e-01,+3.516807e-01,+2.613107e-01,+8.497325e-01,+6.409658e-01,+4.789982e-01
73,-2.298959e-01,+9.470814e-02,+1.897224e-01,+1.793534e-01,+3.271481e-01,-2.593435e-01,+1.832428e-01,+3.530866e-01,+2.861801e-01,+8.685050e-01,+6.322471e-01,+4.624970e-01
74,-2.298959e-01,+7.769836e-02,+1.788968e-01,+1.636902e-01,+3.135723e-01,-2.637458e-01,+2.159513e-01,+3.535864e-01,+3.104135e-01,+8.856477e-01,+6.231749e-01,+4.458712e-01
75,-2.109745e-01,+6.081212e-02,+1.681426e-01,+1.478784e-01,+3.001756e-01,-2.676690e-01,+2.482527e-01,+3.535146e-01,+3.344610e-01,+9.024394e-01,+6.143559e-01,+4.293696e-01
76,-2.109745e-01,+4.402063e-02,+1.574329e-01,+1.318886e-01,+2.869336e-01,-2.711692e-01,+2.796863e-01,+3.522177e-01,+3.578100e-01,+9.174103e-01,+6.049599e-01,+4.127451e-01
77,-2.109745e-01,+2.739294e-02,+1.467855e-01,+1.157927e-01,+2.738833e-01,-2.743027e-01,+3.101595e-01,+3.498658e-01,+3.807031e-01,+9.317898e-01,+5.953859e-01,+3.961718e-01
78,-2.109745e-01,+1.091594e-02,+1.361911e-01,+9.957940e-02,+2.610469e-01,-2.770839e-01,+3.397342e-01,+3.464230e-01,+4.028884e-01,+9.450509e-01,+5.855501e-01,+3.797899e-01
79,-1.920530e-01,-5.412252e-03,+1.256635e-01,+8.324740e-02,+2.484084e-01,-2.795241e-01,+3.681615e-01,+3.419449e-01,+4.242481e-01,+9.560714e-01,+5.752319e-01,+3.632577e-01
80,-1.920530e-01,-2.150651e-02,+1.152156e-01,+6.683592e-02,+2.360173e-01,-2.816011e-01,+3.956944e-01,+3.369391e-01,+4.451892e-01,+9.664441e-01,+5.654144e-01,+3.470076e-01
81,-1.731315e-01,-3.741739e-02,+1.048185e-01,+5.035698e-02,+2.238498e-01,-2.834563e-01,+4.220944e-01,+3.307973e-01,+4.653223e-01,+9.749446e-01,+5.552258e-01,+3.308990e-01
82,-1.731315e-01,-5.310653e-02,+9.446370e-02,+3.382339e-02,+2.119216e-01,-2.850591e-01,+4.473542e-01,+3.235809e-01,+4.845906e-01,+9.827407e-01,+5.450805e-01,+3.149234e-01
83,-1.731315e-01,-6.860317e-02,+8.416555e-02,+1.725846e-02,+2.002576e-01,-2.864463e-01,+4.712627e-01,+3.152871e-01,+5.027382e-01,+9.885626e-01,+5.345065e-01,+2.990944e-01
84,-1.731315e-01,-8.386440e-02,+7.391049e-02,+6.490364e-04,+1.888262e-01,-2.876781e-01,+4.938063e-01,+3.064468e-01,+5.200640e-01,+9.927315e-01,+5.240468e-01,+2.834246e-01
85,-1.542100e-01,-9.891322e-02,+6.370646e-02,-1.596878e-02,+1.776708e-01,-2.887903e-01,+5.150880e-01,+2.967299e-01,+5.366614e-01,+9.963877e-01,+5.139573e-01,+2.678496e-01
86,-1.352886e-01,-1.137216e-01,+5.353017e-02,-3.258949e-02,+1.667991e-01,-2.898100e-01,+5.348721e-01,+2.861834e-01,+5.522786e-01,+9.989273e-01,+5.035042e-01,+2.527187e-01
87,-1.352886e-01,-1.282965e-01,+4.339082e-02,-4.918497e-02,+1.561958e-01,-2.907329e-01,+5.532298e-01,+2.753713e-01,+5.667211e-01,+1.000000e+00,+4.927861e-01,+2.377610e-01
88,-1.163671e-01,-1.426272e-01,+3.328371e-02,-6.576195e-02,+1.458645e-01,-2.916066e-01,+5.701024e-01,+2.636796e-01,+5.802026e-01,+9.995071e-01,+4.821980e-01,+2.231831e-01
89,-9.744560e-02,-1.566786e-01,+2.320263e-02,-8.226837e-02,+1.358413e-01,-2.924447e-01,+5.857489e-01,+2.520815e-01,+5.929159e-01,+9.980786e-01,+4.727483e-01,+2.092601e-01
90,-9.744560e-02,-1.705019e-01,+1.313149e-02,-9.872684e-02,+1.260930e-01,-2.933412e-01,+5.998146e-01,+2.395396e-01,+6.045729e-01,+9.951619e-01,+4.626697e-01,+1.957061e-01
91,-7.852412e-02,-1.840831e-01,+3.053645e-03,-1.151129e-01,+1.166149e-01,-2.942231e-01,+6.122095e-01,+2.265687e-01,+6.152969e-01,+9.907700e-01,+4.526996e-01,+1.824460e-01
92,-7.852412e-02,-1.974455e-01,-7.023288e-03,-1.314185e-01,+1.074121e-01,-2.951730e-01,+6.231484e-01,+2.129771e-01,+6.247129e-01,+9.857818e-01,+4.427464e-01,+1.696028e-01
93,-5.960265e-02,-2.105961e-01,-1.712438e-02,-1.476557e-01,+9.847843e-02,-2.962565e-01,+6.324063e-01,+1.987466e-01,+6.329630e-01,+9.793272e-01,+4.333138e-01,+1.572829e-01
94,-5.960265e-02,-2.235227e-01,-2.723832e-02,-1.637669e-01,+8.982295e-02,-2.974719e-01,+6.400246e-01,+1.840277e-01,+6.400265e-01,+9.718464e-01,+4.241102e-01,+1.453657e-01
95,-4.068117e-02,-2.362083e-01,-3.738246e-02,-1.797651e-01,+8.143725e-02,-2.988291e-01,+6.460825e-01,+1.694302e-01,+6.460350e-01,+9.629161e-01,+4.149191e-01,+1.340247e-01
96,-2.175970e-02,-2.487112e-01,-4.757527e-02,-1.956416e-01,+7.330755e-02,-3.003339e-01,+6.504532e-01,+1.545803e-01,+6.504074e-01,+9.523629e-01,+4.057645e-01,+1.230936e-01
97,-2.175970e-02,-2.609326e-01,-5.778109e-02,-2.113317e-01,+6.545820e-02,-3.019321e-01,+6.534153e-01,+1.400785e-01,+6.540281e-01,+9.421122e-01,+3.975653e-01,+1.130902e-01
98,+1.608325e-02,-2.729780e-01,-6.805594e-02,-2.269125e-01,+5.788470e-02,-3.037440e-01,+6.548628e-01,+1.255653e-01,+6.564799e-01,+9.300686e-01,+3.894404e-01,+1.035326e-01
99,+3.500473e-02,-2.848067e-01,-7.837629e-02,-2.423062e-01,+5.055286e-02,-3.057397e-01,+6.547795e-01,+1.112945e-01,+6.578294e-01,+9.177827e-01,+3.818197e-01,+9.471904e-02
100,+5.392621e-02,-2.964751e-01,-8.878877e-02,-2.575541e-01,+4.344115e-02,-3.079515e-01,+6.528835e-01,+9.637207e-02,+6.576738e-01,+9.040729e-01,+3.740281e-01,+8.648392e-02
101,+5.392621e-02,-3.079388e-01,-9.925140e-02,-2.726232e-01,+3.659740e-02,-3.103288e-01,+6.497931e-01,+8.212644e-02,+6.566073e-01,+8.898847e-01,+3.672124e-01,+7.907977e-02
102,+5.392621e-02,-3.192432e-01,-1.098175e-01,-2.875313e-01,+2.996328e-02,-3.129200e-01,+6.450972e-01,+6.759922e-02,+6.542772e-01,+8.738540e-01,+3.601050e-01,+7.214934e-02
103,+5.392621e-02,-3.303862e-01,-1.204623e-01,-3.022291e-01,+2.355883e-02,-3.157151e-01,+6.390661e-01,+5.385866e-02,+6.505920e-01,+8.577388e-01,+3.535318e-01,+6.590544e-02
104,+7.284768e-02,-3.413385e-01,-1.312073e-01,-3.167173e-01,+1.737944e-02,-3.186591e-01,+6.317450e-01,+4.056733e-02,+6.459828e-01,+8.416681e-01,+3.475759e-01,+6.055129e-02
105,+5.392621e-02,-3.521073e-01,-1.420484e-01,-3.309948e-01,+1.139987e-02,-3.217949e-01,+6.230565e-01,+2.797472e-02,+6.403977e-01,+8.250825e-01,+3.424071e-01,+5.600406e-02
106,+5.392621e-02,-3.627734e-01,-1.530171e-01,-3.450664e-01,+5.582537e-03,-3.251104e-01,+6.131131e-01,+1.604492e-02,+6.334771e-01,+8.073391e-01,+3.370725e-01,+5.203776e-02
107,+5.392621e-02,-3.732788e-01,-1.640843e-01,-3.589154e-01,-2.928770e-05,-3.285858e-01,+6.019186e-01,+4.321259e-03,+6.259632e-01,+7.896720e-01,+3.323406e-01,+4.894656e-02
108,+3.500473e-02,-3.836582e-01,-1.752654e-01,-3.725505e-01,-5.459843e-03,-3.322060e-01,+5.896458e-01,-6.213583e-03,+6.171934e-01,+7.716900e-01,+3.281621e-01,+4.673497e-02
109,+3.500473e-02,-3.938772e-01,-1.865653e-01,-3.859243e-01,-1.072491e-02,-3.359718e-01,+5.763635e-01,-1.579720e-02,+6.075791e-01,+7.534012e-01,+3.248632e-01,+4.544083e-02
110,+3.500473e-02,-4.040284e-01,-1.980051e-01,-3.990896e-01,-1.588124e-02,-3.398753e-01,+5.618100e-01,-2.500223e-02,+5.964793e-01,+7.345496e-01,+3.214962e-01,+4.468212e-02
111,+3.500473e-02,-4.140400e-01,-2.095658e-01,-4.120394e-01,-2.090631e-02,-3.438996e-01,+5.463993e-01,-3.339619e-02,+5.844366e-01,+7.161556e-01,+3.187696e-01,+4.471205e-02
112,+3.500473e-02,-4.239320e-01,-2.212561e-01,-4.247186e-01,-2.579424e-02,-3.479341e-01,+5.300055e-01,-4.031826e-02,+5.718560e-01,+6.977346e-01,+3.165959e-01,+4.582697e-02
113,+1.608325e-02,-4.336925e-01,-2.330701e-01,-4.371679e-01,-3.057686e-02,-3.520334e-01,+5.128399e-01,-4.635742e-02,+5.583348e-01,+6.794388e-01,+3.145279e-01,+4.771160e-02
114,+1.608325e-02,-4.433248e-01,-2.450131e-01,-4.493540e-01,-3.527004e-02,-3.561532e-01,+4.948781e-01,-5.130947e-02,+5.441935e-01,+6.609037e-01,+3.129473e-01,+5.064053e-02
115,+1.608325e-02,-4.528627e-01,-2.570810e-01,-4.612905e-01,-3.989018e-02,-3.602470e-01,+4.763369e-01,-5.508200e-02,+5.294485e-01,+6.421540e-01,+3.120136e-01,+5.422805e-02
116,+1.608325e-02,-4.623114e-01,-2.692939e-01,-4.730093e-01,-4.445876e-02,-3.643149e-01,+4.572486e-01,-5.820371e-02,+5.137329e-01,+6.234737e-01,+3.112128e-01,+5.864787e-02
117,+1.608325e-02,-4.716925e-01,-2.816336e-01,-4.844631e-01,-4.899976e-02,-3.683311e-01,+4.377298e-01,-6.034041e-02,+4.973890e-01,+6.055603e-01,+3.115010e-01,+6.379082e-02
118,+1.608325e-02,-4.809606e-01,-2.941076e-01,-4.956714e-01,-5.352514e-02,-3.722751e-01,+4.176077e-01,-6.082001e-02,+4.803028e-01,+5.888103e-01,+3.120263e-01,+6.969003e-02
119,+1.608325e-02,-4.901546e-01,-3.066984e-01,-5.066391e-01,-5.802488e-02,-3.761161e-01,+3.970999e-01,-6.033709e-02,+4.623758e-01,+5.709188e-01,+3.129143e-01,+7.636488e-02
120,+1.608325e-02,-4.992499e-01,-3.194170e-01,-5.173640e-01,-6.254069e-02,-3.797894e-01,+3.763429e-01,-5.839827e-02,+4.442988e-01,+5.541441e-01,+3.138023e-01,+8.397240e-02
121,+3.500473e-02,-5.082381e-01,-3.322499e-01,-5.278385e-01,-6.706193e-02,-3.832895e-01,+3.554757e-01,-5.551060e-02,+4.258517e-01,+5.381747e-01,+3.151951e-01,+9.209657e-02
122,+3.500473e-02,-5.171296e-01,-3.451832e-01,-5.380627e-01,-7.161470e-02,-3.865433e-01,+3.345695e-01,-5.109123e-02,+4.071828e-01,+5.229316e-01,+3.171591e-01,+1.010889e-01
123,+3.500473e-02,-5.259400e-01,-3.582321e-01,-5.480718e-01,-7.621632e-02,-3.895835e-01,+3.134603e-01,-4.556175e-02,+3.882434e-01,+5.077701e-01,+3.191160e-01,+1.108076e-01
124,+3.500473e-02,-5.346674e-01,-3.713736e-01,-5.578428e-01,-8.090556e-02,-3.923632e-01,+2.922999e-01,-3.883224e-02,+3.691757e-01,+4.932175e-01,+3.212993e-01,+1.212042e-01
125,+3.500473e-02,-5.432964e-01,-3.846119e-01,-5.673876e-01,-8.568259e-02,-3.948757e-01,+2.711805e-01,-3.127182e-02,+3.495934e-01,+4.795981e-01,+3.236961e-01,+1.321911e-01
126,+3.500473e-02,-5.518417e-01,-3.979295e-01,-5.766978e-01,-9.057691e-02,-3.970543e-01,+2.502329e-01,-2.276954e-02,+3.302662e-01,+4.663894e-01,+3.266296e-01,+1.439809e-01
127,+3.500473e-02,-5.603204e-01,-4.113331e-01,-5.858162e-01,-9.560450e-02,-3.989450e-01,+2.292696e-01,-1.378192e-02,+3.106203e-01,+4.531373e-01,+3.293307e-01,+1.561532e-01
128,+5.392621e-02,-5.686998e-01,-4.248150e-01,-5.947296e-01,-1.007611e-01,-4.004899e-01,+2.087713e-01,-3.334541e-03,+2.909358e-01,+4.411034e-01,+3.323557e-01,+1.688080e-01
129,+5.392621e-02,-5.769988e-01,-4.383673e-01,-6.034511e-01,-1.060990e-01,-4.016718e-01,+1.884771e-01,+7.613009e-03,+2.709950e-01,+4.296664e-01,+3.353633e-01,+1.817832e-01
130,+5.392621e-02,-5.852144e-01,-4.519497e-01,-6.119621e-01,-1.115975e-01,-4.024159e-01,+1.685259e-01,+1.991632e-02,+2.513433e-01,+4.188682e-01,+3.386820e-01,+1.953534e-01
131,+5.392621e-02,-5.933527e-01,-4.655968e-01,-6.202983e-01,-1.172859e-01,-4.028226e-01,+1.490437e-01,+3.285012e-02,+2.316476e-01,+4.086797e-01,+3.419986e-01,+2.091008e-01
132,+7.284768e-02,-6.014130e-01,-4.792707e-01,-6.284549e-01,-1.231907e-01,-4.027941e-01,+1.301503e-01,+4.627037e-02,+2.124318e-01,+3.991469e-01,+3.450060e-01,+2.232666e-01
133,+7.284768e-02,-6.093614e-01,-4.929779e-01,-6.364490e-01,-1.293187e-01,-4.023622e-01,+1.117151e-01,+6.019953e-02,+1.931667e-01,+3.901803e-01,+3.480001e-01,+2.374752e-01
134,+7.284768e-02,-6.172733e-01,-5.067038e-01,-6.443040e-01,-1.356906e-01,-4.015460e-01,+9.376245e-02,+7.462791e-02,+1.744763e-01,+3.819751e-01,+3.506519e-01,+2.519755e-01
135,+9.176916e-02,-6.250805e-01,-5.204314e-01,-6.520035e-01,-1.423026e-01,-4.002673e-01,+7.648354e-02,+8.941093e-02,+1.563782e-01,+3.744208e-01,+3.535223e-01,+2.665197e-01
136,+9.176916e-02,-6.328357e-01,-5.341579e-01,-6.595937e-01,-1.492153e-01,-3.986336e-01,+5.954721e-02,+1.045348e-01,+1.385697e-01,+3.669291e-01,+3.556000e-01,+2.811257e-01
137,+1.106906e-01,-6.405140e-01,-5.478633e-01,-6.670538e-01,-1.563825e-01,-3.965322e-01,+4.338724e-02,+1.202288e-01,+1.215178e-01,+3.608430e-01,+3.576053e-01,+2.956259e-01
138,+1.106906e-01,-6.480832e-01,-5.615421e-01,-6.743887e-01,-1.638385e-01,-3.940415e-01,+2.778598e-02,+1.361189e-01,+1.052830e-01,+3.560188e-01,+3.598961e-01,+3.101856e-01
139,+1.296121e-01,-6.556347e-01,-5.752061e-01,-6.816642e-01,-1.716486e-01,-3.912089e-01,+1.270715e-02,+1.516935e-01,+8.918342e-02,+3.503266e-01,+3.611056e-01,+3.242833e-01
140,+1.296121e-01,-6.631326e-01,-5.888262e-01,-6.888618e-01,-1.797766e-01,-3.880293e-01,-1.638298e-03,+1.671664e-01,+7.386751e-02,+3.452744e-01,+3.618312e-01,+3.381662e-01
141,+1.296121e-01,-6.705555e-01,-6.023847e-01,-6.959681e-01,-1.882231e-01,-3.844949e-01,-1.543825e-02,+1.822844e-01,+5.932410e-02,+3.408776e-01,+3.625247e-01,+3.517109e-01
142,+1.296121e-01,-6.779294e-01,-6.158953e-01,-7.030337e-01,-1.970256e-01,-3.806530e-01,-2.844755e-02,+1.970490e-01,+4.528511e-02,+3.368098e-01,+3.624625e-01,+3.648981e-01
143,+1.296121e-01,-6.852802e-01,-6.293338e-01,-7.100651e-01,-2.061867e-01,-3.765518e-01,-4.107953e-02,+2.110236e-01,+3.173702e-02,+3.320557e-01,+3.617176e-01,+3.773701e-01
144,+1.296121e-01,-6.925581e-01,-6.426816e-01,-7.170507e-01,-2.156915e-01,-3.721458e-01,-5.292396e-02,+2.246698e-01,+1.917205e-02,+3.286715e-01,+3.601455e-01,+3.896560e-01
145,+1.106906e-01,-6.998111e-01,-6.559351e-01,-7.240171e-01,-2.255698e-01,-3.675536e-01,-6.410288e-02,+2.377224e-01,+7.423425e-03,+3.245626e-01,+3.580791e-01,+4.010343e-01
146,+1.106906e-01,-7.069913e-01,-6.690630e-01,-7.309385e-01,-2.357874e-01,-3.627305e-01,-7.446250e-02,+2.502898e-01,-3.033957e-03,+3.213352e-01,+3.558745e-01,+4.117603e-01
147,+9.176916e-02,-7.141389e-01,-6.820807e-01,-7.378727e-01,-2.463915e-01,-3.577566e-01,-8.428626e-02,+2.617151e-01,-1.276733e-02,+3.179361e-01,+3.525493e-01,+4.218416e-01
148,+9.176916e-02,-7.213098e-01,-6.949981e-01,-7.448411e-01,-2.573865e-01,-3.527326e-01,-9.372317e-02,+2.720606e-01,-2.183826e-02,+3.142211e-01,+3.482431e-01,+4.308511e-01
149,+9.176916e-02,-7.284325e-01,-7.077782e-01,-7.518078e-01,-2.687582e-01,-3.476303e-01,-1.026041e-01,+2.814329e-01,-2.994267e-02,+3.108186e-01,+3.438964e-01,+4.389332e-01
150,+9.176916e-02,-7.355690e-01,-7.204376e-01,-7.588298e-01,-2.805330e-01,-3.425791e-01,-1.111439e-01,+2.891896e-01,-3.732486e-02,+3.067705e-01,+3.376902e-01,+4.459420e-01
151,+7.284768e-02,-7.426893e-01,-7.329350e-01,-7.658876e-01,-2.926785e-01,-3.375458e-01,-1.190900e-01,+2.958162e-01,-4.372507e-02,+3.025477e-01,+3.308296e-01,+4.517515e-01
152,+7.284768e-02,-7.498175e-01,-7.452661e-01,-7.729811e-01,-3.052094e-01,-3.325924e-01,-1.264862e-01,+3.011307e-01,-4.889092e-02,+2.988869e-01,+3.233070e-01,+4.564294e-01
153,+7.284768e-02,-7.569712e-01,-7.574406e-01,-7.801456e-01,-3.181319e-01,-3.277961e-01,-1.335092e-01,+3.049124e-01,-5.351361e-02,+2.943438e-01,+3.147793e-01,+4.597334e-01
154,+7.284768e-02,-7.641504e-01,-7.694246e-01,-7.873409e-01,-3.314239e-01,-3.231783e-01,-1.401594e-01,+3.070211e-01,-5.716369e-02,+2.890673e-01,+3.054591e-01,+4.618078e-01
155,+7.284768e-02,-7.713218e-01,-7.812364e-01,-7.945877e-01,-3.450680e-01,-3.188283e-01,-1.464878e-01,+3.078238e-01,-5.975131e-02,+2.830750e-01,+2.950332e-01,+4.625130e-01
156,+5.392621e-02,-7.784790e-01,-7.928324e-01,-8.018891e-01,-3.590589e-01,-3.147441e-01,-1.523747e-01,+3.067341e-01,-6.127464e-02,+2.772729e-01,+2.833259e-01,+4.618812e-01
157,+5.392621e-02,-7.856931e-01,-8.042200e-01,-8.092776e-01,-3.733924e-01,-3.110448e-01,-1.580065e-01,+3.038385e-01,-6.183580e-02,+2.703910e-01,+2.703041e-01,+4.598121e-01
158,+5.392621e-02,-7.928960e-01,-8.153840e-01,-8.166911e-01,-3.880530e-01,-3.077309e-01,-1.633158e-01,+2.994782e-01,-6.124605e-02,+2.636334e-01,+2.569888e-01,+4.561810e-01
159,+5.392621e-02,-8.001819e-01,-8.263450e-01,-8.241927e-01,-4.030497e-01,-3.049025e-01,-1.684095e-01,+2.928911e-01,-6.023753e-02,+2.556882e-01,+2.423402e-01,+4.508675e-01
160,+5.392621e-02,-8.074698e-01,-8.370612e-01,-8.317313e-01,-4.183233e-01,-3.025788e-01,-1.732925e-01,+2.847768e-01,-5.802992e-02,+2.477235e-01,+2.269605e-01,+4.440307e-01
161,+5.392621e-02,-8.147928e-01,-8.475395e-01,-8.393330e-01,-4.339027e-01,-3.008519e-01,-1.779841e-01,+2.744138e-01,-5.510144e-02,+2.379071e-01,+2.099896e-01,+4.354160e-01
162,+5.392621e-02,-8.221468e-01,-8.577496e-01,-8.469446e-01,-4.497500e-01,-2.997262e-01,-1.826203e-01,+2.620700e-01,-5.122157e-02,+2.274899e-01,+1.920495e-01,+4.253120e-01
163,+5.392621e-02,-8.295350e-01,-8.677096e-01,-8.546124e-01,-4.658533e-01,-2.992477e-01,-1.871952e-01,+2.480086e-01,-4.652382e-02,+2.160880e-01,+1.730861e-01,+4.134751e-01
164,+5.392621e-02,-8.369300e-01,-8.773905e-01,-8.622923e-01,-4.821948e-01,-2.994846e-01,-1.916605e-01,+2.322230e-01,-4.104782e-02,+2.046975e-01,+1.538517e-01,+3.999973e-01
165,+5.392621e-02,-8.443746e-01,-8.868073e-01,-8.700196e-01,-4.987703e-01,-3.004930e-01,-1.962381e-01,+2.140262e-01,-3.519970e-02,+1.915339e-01,+1.326017e-01,+3.845908e-01
166,+5.392621e-02,-8.518237e-01,-8.959150e-01,-8.777310e-01,-5.155233e-01,-3.022507e-01,-2.007221e-01,+1.942389e-01,-2.870155e-02,+1.780174e-01,+1.109070e-01,+3.676428e-01
167,+5.392621e-02,-8.592711e-01,-9.047248e-01,-8.854207e-01,-5.324272e-01,-3.048177e-01,-2.052763e-01,+1.728455e-01,-2.125766e-02,+1.632694e-01,+8.798893e-02,+3.490679e-01
168,+5.392621e-02,-8.666938e-01,-9.132065e-01,-8.930384e-01,-5.494638e-01,-3.082323e-01,-2.098255e-01,+1.498430e-01,-1.295304e-02,+1.476153e-01,+6.464178e-02,+3.288647e-01
169,+7.284768e-02,-8.741273e-01,-9.213513e-01,-9.006030e-01,-5.666056e-01,-3.125000e-01,-2.142418e-01,+1.253152e-01,-4.255944e-03,+1.317991e-01,+4.032605e-02,+3.071083e-01
170,+7.284768e-02,-8.815847e-01,-9.291784e-01,-9.080993e-01,-5.838566e-01,-3.177011e-01,-2.189442e-01,+9.823556e-02,+5.015451e-03,+1.140691e-01,+1.471232e-02,+2.833897e-01
171,+7.284768e-02,-8.890112e-01,-9.366648e-01,-9.154869e-01,-6.011693e-01,-3.237885e-01,-2.236591e-01,+6.964206e-02,+1.475838e-02,+9.564673e-02,-1.157726e-02,+2.582179e-01
172,+7.284768e-02,-8.963643e-01,-9.437875e-01,-9.227823e-01,-6.184885e-01,-3.308239e-01,-2.283204e-01,+3.997038e-02,+2.497509e-02,+7.627742e-02,-3.846864e-02,+2.314741e-01
173,+7.284768e-02,-9.036823e-01,-9.505416e-01,-9.299043e-01,-6.357967e-01,-3.387922e-01,-2.330894e-01,+8.527208e-03,+3.538459e-02,+5.597601e-02,-6.633977e-02,+2.032279e-01
174,+3.500473e-02,-9.109117e-01,-9.569032e-01,-9.368562e-01,-6.530717e-01,-3.476439e-01,-2.379250e-01,-2.406401e-02,+4.639248e-02,+3.533055e-02,-9.444584e-02,+1.736394e-01
175,+1.608325e-02,-9.180285e-01,-9.628821e-01,-9.436177e-01,-6.702786e-01,-3.574268e-01,-2.428002e-01,-5.766091e-02,+5.765525e-02,+1.399030e-02,-1.236243e-01,+1.426202e-01
176,-2.838221e-03,-9.250151e-01,-9.684495e-01,-9.501398e-01,-6.873734e-01,-3.681288e-01,-2.477357e-01,-9.262800e-02,+6.940262e-02,-8.571567e-03,-1.531072e-01,+1.103877e-01
177,-5.960265e-02,-9.318755e-01,-9.736204e-01,-9.564219e-01,-7.043570e-01,-3.797904e-01,-2.527880e-01,-1.287764e-01,+8.119137e-02,-3.182073e-02,-1.830445e-01,+7.679332e-02
178,-7.852412e-02,-9.385965e-01,-9.783537e-01,-9.624132e-01,-7.211706e-01,-3.923611e-01,-2.579049e-01,-1.657735e-01,+9.281235e-02,-5.573620e-02,-2.136410e-01,+4.201342e-02
179,-9.744560e-02,-9.451278e-01,-9.826796e-01,-9.680948e-01,-7.377967e-01,-4.058221e-01,-2.630168e-01,-2.039503e-01,+1.043711e-01,-8.077744e-02,-2.447040e-01,+6.160695e-03
180,-1.163671e-01,-9.514183e-01,-9.865240e-01,-9.734067e-01,-7.541649e-01,-4.200714e-01,-2.680803e-01,-2.421732e-01,+1.163026e-01,-1.056411e-01,-2.757475e-01,-3.056253e-02
181,-1.542100e-01,-9.574674e-01,-9.899101e-01,-9.783280e-01,-7.702727e-01,-4.351639e-01,-2.732013e-01,-2.808417e-01,+1.284778e-01,-1.314701e-01,-3.071849e-01,-6.818982e-02
182,-1.920530e-01,-9.632514e-01,-9.928334e-01,-9.828372e-01,-7.860910e-01,-4.510405e-01,-2.783548e-01,-3.202527e-01,+1.399491e-01,-1.580121e-01,-3.392346e-01,-1.065943e-01
183,-2.109745e-01,-9.687501e-01,-9.952669e-01,-9.868850e-01,-8.015719e-01,-4.676830e-01,-2.834604e-01,-3.598137e-01,+1.514119e-01,-1.843154e-01,-3.706054e-01,-1.456095e-01
184,-2.298959e-01,-9.739100e-01,-9.972065e-01,-9.904677e-01,-8.166862e-01,-4.850029e-01,-2.885940e-01,-3.995507e-01,+1.627556e-01,-2.115863e-01,-4.023918e-01,-1.853838e-01
185,-2.677389e-01,-9.786770e-01,-9.986488e-01,-9.935273e-01,-8.314005e-01,-5.029536e-01,-2.936321e-01,-4.389536e-01,+1.739351e-01,-2.387018e-01,-4.342443e-01,-2.252765e-01
186,-2.677389e-01,-9.830655e-01,-9.995820e-01,-9.960374e-01,-8.456798e-01,-5.214912e-01,-2.985298e-01,-4.782202e-01,+1.848209e-01,-2.659038e-01,-4.660742e-01,-2.656963e-01
187,-2.866604e-01,-9.870361e-01,-1.000000e+00,-9.979871e-01,-8.595189e-01,-5.405941e-01,-3.033753e-01,-5.174818e-01,+1.949909e-01,-2.933322e-01,-4.973597e-01,-3.063106e-01
188,-3.245033e-01,-9.905408e-01,-9.998821e-01,-9.993178e-01,-8.728380e-01,-5.601643e-01,-3.080042e-01,-5.561711e-01,+2.048944e-01,-3.208111e-01,-5.287550e-01,-3.469205e-01
189,-3.245033e-01,-9.935569e-01,-9.992140e-01,-1.000000e+00,-8.856257e-01,-5.801317e-01,-3.124197e-01,-5.935623e-01,+2.142992e-01,-3.478790e-01,-5.593854e-01,-3.873816e-01
190,-3.434248e-01,-9.960297e-01,-9.980041e-01,-9.999994e-01,-8.978678e-01,-6.004139e-01,-3.166167e-01,-6.297069e-01,+2.233249e-01,-3.748319e-01,-5.894284e-01,-4.274911e-01
191,-3.434248e-01,-9.979591e-01,-9.962481e-01,-9.993114e-01,-9.095476e-01,-6.210246e-01,-3.205934e-01,-6.653978e-01,+2.313649e-01,-4.015589e-01,-6.192056e-01,-4.672707e-01
192,-3.812677e-01,-9.992738e-01,-9.939427e-01,-9.979236e-01,-9.206176e-01,-6.417895e-01,-3.242773e-01,-7.000322e-01,+2.388972e-01,-4.275630e-01,-6.481652e-01,-5.066333e-01
193,-3.812677e-01,-9.999816e-01,-9.910701e-01,-9.957832e-01,-9.310638e-01,-6.626797e-01,-3.278567e-01,-7.337932e-01,+2.455915e-01,-4.537286e-01,-6.767427e-01,-5.452915e-01
194,-4.001892e-01,-1.000000e+00,-9.876162e-01,-9.928492e-01,-9.408354e-01,-6.836067e-01,-3.312427e-01,-7.652742e-01,+2.516461e-01,-4.789661e-01,-7.046478e-01,-5.831713e-01
195,-4.001892e-01,-9.993132e-01,-9.835870e-01,-9.891016e-01,-9.499165e-01,-7.044903e-01,-3.342940e-01,-7.956314e-01,+2.569998e-01,-5.033822e-01,-7.312750e-01,-6.201384e-01
196,-4.001892e-01,-9.979159e-01,-9.789770e-01,-9.845884e-01,-9.583045e-01,-7.252507e-01,-3.371264e-01,-8.244294e-01,+2.612164e-01,-5.277730e-01,-7.570637e-01,-6.560266e-01
197,-4.380322e-01,-9.957744e-01,-9.737863e-01,-9.792461e-01,-9.659871e-01,-7.458254e-01,-3.397253e-01,-8.515921e-01,+2.643522e-01,-5.513283e-01,-7.822339e-01,-6.908795e-01
198,-4.380322e-01,-9.928350e-01,-9.680130e-01,-9.730495e-01,-9.729066e-01,-7.661330e-01,-3.419229e-01,-8.764980e-01,+2.667127e-01,-5.740340e-01,-8.059270e-01,-7.243990e-01
199,-4.569536e-01,-9.890701e-01,-9.616676e-01,-9.659745e-01,-9.790842e-01,-7.861021e-01,-3.436833e-01,-8.994373e-01,+2.678035e-01,-5.958049e-01,-8.290584e-01,-7.564947e-01
200,-4.569536e-01,-9.844575e-01,-9.547250e-01,-9.580313e-01,-9.844872e-01,-8.056028e-01,-3.451744e-01,-9.202259e-01,+2.678541e-01,-6.160203e-01,-8.503581e-01,-7.870911e-01
201,-4.758751e-01,-9.789962e-01,-9.471952e-01,-9.492074e-01,-9.891049e-01,-8.246112e-01,-3.465212e-01,-9.390486e-01,+2.669588e-01,-6.356888e-01,-8.708740e-01,-8.160837e-01
202,-4.758751e-01,-9.725906e-01,-9.390637e-01,-9.394817e-01,-9.929139e-01,-8.429811e-01,-3.473417e-01,-9.549129e-01,+2.652930e-01,-6.534581e-01,-8.894885e-01,-8.431227e-01
203,-4.947966e-01,-9.652941e-01,-9.303711e-01,-9.288633e-01,-9.959221e-01,-8.607069e-01,-3.478615e-01,-9.687429e-01,+2.621054e-01,-6.705288e-01,-9.073145e-01,-8.685242e-01
204,-4.947966e-01,-9.570432e-01,-9.210979e-01,-9.173475e-01,-9.981123e-01,-8.776851e-01,-3.481149e-01,-9.799867e-01,+2.576408e-01,-6.863073e-01,-9.238127e-01,-8.918601e-01
205,-4.947966e-01,-9.478195e-01,-9.112281e-01,-9.049210e-01,-9.994774e-01,-8.937863e-01,-3.479615e-01,-9.886869e-01,+2.521063e-01,-7.011584e-01,-9.386763e-01,-9.131552e-01
206,-4.947966e-01,-9.376133e-01,-9.007919e-01,-8.915911e-01,-1.000000e+00,-9.089892e-01,-3.474615e-01,-9.950686e-01,+2.455636e-01,-7.140583e-01,-9.516644e-01,-9.321044e-01
207,-4.947966e-01,-9.264199e-01,-8.897883e-01,-8.773580e-01,-9.996847e-01,-9.232405e-01,-3.466045e-01,-9.987020e-01,+2.378861e-01,-7.257384e-01,-9.631453e-01,-9.488270e-01
208,-4.947966e-01,-9.142501e-01,-8.782332e-01,-8.622475e-01,-9.985493e-01,-9.364660e-01,-3.456677e-01,-1.000000e+00,+2.288134e-01,-7.360609e-01,-9.735353e-01,-9.634864e-01
209,-4.947966e-01,-9.010968e-01,-8.661326e-01,-8.462704e-01,-9.965949e-01,-9.485906e-01,-3.445339e-01,-9.987632e-01,+2.183545e-01,-7.454640e-01,-9.825402e-01,-9.757322e-01
210,-4.569536e-01,-8.868741e-01,-8.534720e-01,-8.294085e-01,-9.937807e-01,-9.595519e-01,-3.429920e-01,-9.947231e-01,+2.067110e-01,-7.524050e-01,-9.890277e-01,-9.854598e-01
211,-4.569536e-01,-8.716552e-01,-8.402919e-01,-8.117081e-01,-9.901685e-01,-9.693327e-01,-3.414771e-01,-9.884312e-01,+1.937610e-01,-7.588432e-01,-9.943928e-01,-9.927584e-01
212,-4.569536e-01,-8.553828e-01,-8.265685e-01,-7.931397e-01,-9.857015e-01,-9.778174e-01,-3.396369e-01,-9.791733e-01,+1.796718e-01,-7.636328e-01,-9.978211e-01,-9.976639e-01
213,-4.569536e-01,-8.381140e-01,-8.123517e-01,-7.737769e-01,-9.804409e-01,-9.850205e-01,-3.377470e-01,-9.674149e-01,+1.641355e-01,-7.673627e-01,-9.999199e-01,-1.000000e+00
214,-4.569536e-01,-8.198407e-01,-7.976276e-01,-7.536085e-01,-9.743749e-01,-9.908465e-01,-3.356405e-01,-9.535318e-01,+1.474290e-01,-7.693372e-01,-1.000000e+00,-9.997968e-01
215,-4.380322e-01,-8.005462e-01,-7.824035e-01,-7.326817e-01,-9.675059e-01,-9.952816e-01,-3.334156e-01,-9.371134e-01,+1.295560e-01,-7.693892e-01,-9.982187e-01,-9.970551e-01
216,-4.380322e-01,-7.802835e-01,-7.667346e-01,-7.110290e-01,-9.598710e-01,-9.983359e-01,-3.313813e-01,-9.186745e-01,+1.103210e-01,-7.692839e-01,-9.953000e-01,-9.919956e-01
217,-4.191107e-01,-7.590297e-01,-7.505761e-01,-6.886249e-01,-9.514701e-01,-9.999154e-01,-3.291913e-01,-8.977764e-01,+9.012913e-02,-7.671148e-01,-9.903140e-01,-9.843377e-01
218,-4.001892e-01,-7.368450e-01,-7.339946e-01,-6.655558e-01,-9.423182e-01,-1.000000e+00,-3.270580e-01,-8.748373e-01,+6.873376e-02,-7.639694e-01,-9.840779e-01,-9.743017e-01
219,-4.001892e-01,-7.137117e-01,-7.169622e-01,-6.418073e-01,-9.324184e-01,-9.985885e-01,-3.248665e-01,-8.494469e-01,+4.642312e-02,-7.586718e-01,-9.755573e-01,-9.616278e-01
220,-3.812677e-01,-6.896887e-01,-6.995256e-01,-6.174347e-01,-9.218260e-01,-9.957262e-01,-3.230163e-01,-8.223426e-01,+2.284978e-02,-7.530147e-01,-9.658097e-01,-9.467937e-01
221,-3.623463e-01,-6.647590e-01,-6.816880e-01,-5.924536e-01,-9.105178e-01,-9.913398e-01,-3.211001e-01,-7.930598e-01,-1.684545e-03,-7.452945e-01,-9.541371e-01,-9.294676e-01
222,-3.623463e-01,-6.389753e-01,-6.634711e-01,-5.669197e-01,-8.985455e-01,-9.854026e-01,-3.195568e-01,-7.622162e-01,-2.703851e-02,-7.366915e-01,-9.412392e-01,-9.098240e-01
223,-3.434248e-01,-6.123889e-01,-6.448783e-01,-5.408607e-01,-8.859305e-01,-9.779691e-01,-3.181309e-01,-7.294203e-01,-5.320412e-02,-7.277829e-01,-9.268190e-01,-8.880728e-01
224,-3.245033e-01,-5.849993e-01,-6.259369e-01,-5.142909e-01,-8.726655e-01,-9.690022e-01,-3.168448e-01,-6.947245e-01,-8.020222e-02,-7.166232e-01,-9.104319e-01,-8.639634e-01
225,-3.055818e-01,-5.568803e-01,-6.066709e-01,-4.873039e-01,-8.588076e-01,-9.585541e-01,-3.160953e-01,-6.592555e-01,-1.082469e-01,-7.049191e-01,-8.922610e-01,-8.378621e-01
226,-2.866604e-01,-5.280579e-01,-5.870952e-01,-4.598984e-01,-8.443869e-01,-9.466512e-01,-3.156928e-01,-6.224419e-01,-1.373087e-01,-6.931583e-01,-8.733701e-01,-8.097838e-01
227,-2.677389e-01,-4.985583e-01,-5.672310e-01,-4.321131e-01,-8.294173e-01,-9.332983e-01,-3.156788e-01,-5.846452e-01,-1.667617e-01,-6.803620e-01,-8.529704e-01,-7.799300e-01
228,-2.488174e-01,-4.684558e-01,-5.470846e-01,-4.040143e-01,-8.139258e-01,-9.184938e-01,-3.160288e-01,-5.459947e-01,-1.969040e-01,-6.662790e-01,-8.315841e-01,-7.483769e-01
229,-2.298959e-01,-4.377756e-01,-5.266942e-01,-3.756188e-01,-7.979281e-01,-9.022742e-01,-3.166165e-01,-5.064258e-01,-2.271957e-01,-6.517274e-01,-8.085519e-01,-7.151332e-01
230,-2.109745e-01,-4.065621e-01,-5.060764e-01,-3.469463e-01,-7.814491e-01,-8.846357e-01,-3.176424e-01,-4.658586e-01,-2.577818e-01,-6.366908e-01,-7.844666e-01,-6.803587e-01
231,-1.920530e-01,-3.748964e-01,-4.852392e-01,-3.180781e-01,-7.645531e-01,-8.657245e-01,-3.190623e-01,-4.252372e-01,-2.891705e-01,-6.213746e-01,-7.591565e-01,-6.443507e-01
232,-1.731315e-01,-3.428345e-01,-4.642191e-01,-2.890407e-01,-7.472481e-01,-8.455302e-01,-3.210558e-01,-3.841738e-01,-3.208674e-01,-6.060966e-01,-7.326630e-01,-6.071953e-01
233,-1.542100e-01,-3.104212e-01,-4.430247e-01,-2.598823e-01,-7.295636e-01,-8.240614e-01,-3.234427e-01,-3.426036e-01,-3.526884e-01,-5.897020e-01,-7.053929e-01,-5.689277e-01
234,-1.163671e-01,-2.776815e-01,-4.216809e-01,-2.306141e-01,-7.115221e-01,-8.013847e-01,-3.263653e-01,-3.008843e-01,-3.846387e-01,-5.724838e-01,-6.773392e-01,-5.295467e-01
235,-9.744560e-02,-2.447169e-01,-4.001963e-01,-2.012936e-01,-6.931552e-01,-7.775760e-01,-3.298665e-01,-2.590913e-01,-4.165617e-01,-5.550051e-01,-6.481685e-01,-4.894900e-01
236,-5.960265e-02,-2.115364e-01,-3.786016e-01,-1.719632e-01,-6.744940e-01,-7.526558e-01,-3.338234e-01,-2.171152e-01,-4.481565e-01,-5.379636e-01,-6.183255e-01,-4.486687e-01
237,-2.175970e-02,-1.782429e-01,-3.569230e-01,-1.426432e-01,-6.555656e-01,-7.267268e-01,-3.383546e-01,-1.758457e-01,-4.799206e-01,-5.215604e-01,-5.880785e-01,-4.072681e-01
238,-2.838221e-03,-1.448463e-01,-3.351604e-01,-1.133902e-01,-6.364080e-01,-6.997921e-01,-3.432648e-01,-1.349632e-01,-5.110692e-01,-5.042172e-01,-5.569478e-01,-3.654260e-01
239,-2.838221e-03,-1.114515e-01,-3.133508e-01,-8.426073e-02,-6.170496e-01,-6.719574e-01,-3.488058e-01,-9.492722e-02,-5.424087e-01,-4.876689e-01,-5.255368e-01,-3.235983e-01
240,+3.500473e-02,-7.812823e-02,-2.915019e-01,-5.527303e-02,-5.975276e-01,-6.432650e-01,-3.548696e-01,-5.547614e-02,-5.731496e-01,-4.712984e-01,-4.941440e-01,-2.816244e-01
241,+7.284768e-02,-4.489156e-02,-2.696382e-01,-2.644895e-02,-5.778424e-01,-6.137746e-01,-3.613523e-01,-1.664811e-02,-6.032913e-01,-4.548894e-01,-4.619878e-01,-2.396003e-01
242,+9.176916e-02,-1.180870e-02,-2.477762e-01,+2.178137e-03,-5.580515e-01,-5.835625e-01,-3.682154e-01,+2.130235e-02,-6.328768e-01,-4.387370e-01,-4.293208e-01,-1.978463e-01
243,+1.106906e-01,+2.107930e-02,-2.259441e-01,+3.056282e-02,-5.381783e-01,-5.526861e-01,-3.754295e-01,+5.835480e-02,-6.620072e-01,-4.230576e-01,-3.965636e-01,-1.564350e-01
244,+1.485336e-01,+5.367949e-02,-2.041450e-01,+5.867106e-02,-5.182338e-01,-5.211907e-01,-3.830318e-01,+9.455578e-02,-6.902078e-01,-4.076632e-01,-3.638975e-01,-1.154538e-01
245,+1.674551e-01,+8.597167e-02,-1.824117e-01,+8.647499e-02,-4.982464e-01,-4.891966e-01,-3.909692e-01,+1.294015e-01,-7.180599e-01,-3.928639e-01,-3.312973e-01,-7.527649e-02
246,+2.052980e-01,+1.178958e-01,-1.607478e-01,+1.139583e-01,-4.782572e-01,-4.567246e-01,-3.991018e-01,+1.634555e-01,-7.446821e-01,-3.783592e-01,-2.989480e-01,-3.577093e-02
247,+2.242195e-01,+1.493809e-01,-1.391726e-01,+1.410914e-01,-4.582813e-01,-4.238381e-01,-4.075578e-01,+1.963004e-01,-7.704707e-01,-3.644913e-01,-2.663333e-01,+2.815962e-03
248,+2.809839e-01,+1.803947e-01,-1.177036e-01,+1.678450e-01,-4.383471e-01,-3.906314e-01,-4.161649e-01,+2.278631e-01,-7.950676e-01,-3.512937e-01,-2.339932e-01,+4.049917e-02
249,+2.999054e-01,+2.108790e-01,-9.637966e-02,+1.941660e-01,-4.184788e-01,-3.571881e-01,-4.248326e-01,+2.581614e-01,-8.184531e-01,-3.384987e-01,-2.023748e-01,+7.693968e-02
250,+3.377483e-01,+2.408004e-01,-7.519541e-02,+2.200357e-01,-3.987085e-01,-3.235642e-01,-4.337923e-01,+2.866731e-01,-8.406104e-01,-3.266211e-01,-1.713601e-01,+1.120896e-01
251,+3.945128e-01,+2.701168e-01,-5.417338e-02,+2.454480e-01,-3.790375e-01,-2.898164e-01,-4.427781e-01,+3.139375e-01,-8.616257e-01,-3.150828e-01,-1.405563e-01,+1.459048e-01
252,+4.134342e-01,+2.987406e-01,-3.333772e-02,+2.703871e-01,-3.594954e-01,-2.559974e-01,-4.518122e-01,+3.397419e-01,-8.810646e-01,-3.045809e-01,-1.104642e-01,+1.782936e-01
253,+4.701987e-01,+3.267047e-01,-1.267335e-02,+2.948270e-01,-3.400964e-01,-2.221463e-01,-4.607316e-01,+3.645202e-01,-8.992817e-01,-2.944461e-01,-8.103060e-02,+2.091860e-01
254,+5.269631e-01,+3.539362e-01,+7.778362e-03,+3.187445e-01,-3.208674e-01,-1.883703e-01,-4.695363e-01,+3.878561e-01,-9.160126e-01,-2.851466e-01,-5.228936e-02,+2.384570e-01
255,+5.837275e-01,+3.804224e-01,+2.800953e-02,+3.421412e-01,-3.018201e-01,-1.547105e-01,-4.780791e-01,+4.098432e-01,-9.313408e-01,-2.760010e-01,-2.396354e-02,+2.661454e-01
256,+6.404920e-01,+4.060846e-01,+4.800927e-02,+3.649712e-01,-2.829909e-01,-1.212738e-01,-4.865109e-01,+4.300285e-01,-9.454262e-01,-2.685974e-01,+3.194866e-03,+2.919111e-01
257,+6.404920e-01,+4.309194e-01,+6.776711e-02,+3.872158e-01,-2.643757e-01,-8.804239e-02,-4.945072e-01,+4.491847e-01,-9.579768e-01,-2.623273e-01,+2.931811e-02,+3.158843e-01
258,+6.404920e-01,+4.549510e-01,+8.727045e-02,+4.089079e-01,-2.459808e-01,-5.506619e-02,-5.020236e-01,+4.669855e-01,-9.688249e-01,-2.558272e-01,+5.476020e-02,+3.381706e-01
259,+6.026490e-01,+4.780746e-01,+1.064978e-01,+4.299854e-01,-2.278455e-01,-2.244424e-02,-5.093198e-01,+4.830449e-01,-9.783774e-01,-2.505399e-01,+7.879211e-02,+3.583380e-01
260,+5.648061e-01,+5.003314e-01,+1.254305e-01,+4.504516e-01,-2.099743e-01,+9.774224e-03,-5.159792e-01,+4.979599e-01,-9.863592e-01,-2.459887e-01,+1.017816e-01,+3.766369e-01
261,+5.269631e-01,+5.217188e-01,+1.440991e-01,+4.703287e-01,-1.923484e-01,+4.160530e-02,-5.221505e-01,+5.118163e-01,-9.924619e-01,-2.420179e-01,+1.238504e-01,+3.930505e-01
262,+4.891202e-01,+5.421870e-01,+1.624575e-01,+4.895713e-01,-1.750073e-01,+7.295426e-02,-5.276556e-01,+5.243084e-01,-9.967111e-01,-2.390083e-01,+1.443005e-01,+4.075040e-01
263,+4.512772e-01,+5.617347e-01,+1.805148e-01,+5.082016e-01,-1.579375e-01,+1.038079e-01,-5.324479e-01,+5.359433e-01,-9.991052e-01,-2.363573e-01,+1.642311e-01,+4.198784e-01
264,+4.134342e-01,+5.803661e-01,+1.982550e-01,+5.262055e-01,-1.411671e-01,+1.341356e-01,-5.363970e-01,+5.463606e-01,-1.000000e+00,-2.340464e-01,+1.828780e-01,+4.303618e-01
265,+3.945128e-01,+5.980047e-01,+2.156387e-01,+5.435207e-01,-1.247473e-01,+1.638129e-01,-5.399370e-01,+5.551934e-01,-9.998163e-01,-2.334233e-01,+1.994730e-01,+4.386393e-01
266,+3.566698e-01,+6.147059e-01,+2.326788e-01,+5.602014e-01,-1.086361e-01,+1.928567e-01,-5.426237e-01,+5.627350e-01,-9.979569e-01,-2.332008e-01,+2.148400e-01,+4.449384e-01
267,+3.188269e-01,+6.305161e-01,+2.493961e-01,+5.762671e-01,-9.281541e-02,+2.213199e-01,-5.442414e-01,+5.698480e-01,-9.943758e-01,-2.336106e-01,+2.292002e-01,+4.493408e-01
268,+2.999054e-01,+6.453843e-01,+2.657712e-01,+5.916580e-01,-7.730705e-02,+2.491265e-01,-5.449355e-01,+5.762866e-01,-9.890784e-01,-2.347034e-01,+2.419206e-01,+4.517482e-01
269,+2.809839e-01,+6.593525e-01,+2.817990e-01,+6.064167e-01,-6.211152e-02,+2.762737e-01,-5.445775e-01,+5.817297e-01,-9.821012e-01,-2.358832e-01,+2.536221e-01,+4.523352e-01
270,+2.620624e-01,+6.723738e-01,+2.974476e-01,+6.205200e-01,-4.726792e-02,+3.026852e-01,-5.432967e-01,+5.860448e-01,-9.738532e-01,-2.380017e-01,+2.637895e-01,+4.511023e-01
271,+2.620624e-01,+6.845103e-01,+3.127386e-01,+6.339741e-01,-3.274295e-02,+3.283797e-01,-5.409150e-01,+5.897319e-01,-9.641200e-01,-2.412388e-01,+2.722735e-01,+4.478240e-01
272,+2.052980e-01,+6.957755e-01,+3.276789e-01,+6.467954e-01,-1.851759e-02,+3.533777e-01,-5.374698e-01,+5.927266e-01,-9.524257e-01,-2.444070e-01,+2.795269e-01,+4.429478e-01
273,+1.863765e-01,+7.061684e-01,+3.422500e-01,+6.589792e-01,-4.613473e-03,+3.776184e-01,-5.328425e-01,+5.947551e-01,-9.393992e-01,-2.480197e-01,+2.852303e-01,+4.360705e-01
274,+1.674551e-01,+7.156732e-01,+3.564499e-01,+6.704993e-01,+8.938204e-03,+4.010785e-01,-5.271013e-01,+5.957049e-01,-9.251801e-01,-2.525893e-01,+2.888298e-01,+4.275025e-01
275,+1.485336e-01,+7.243884e-01,+3.702787e-01,+6.814167e-01,+2.218188e-02,+4.238072e-01,-5.201339e-01,+5.967284e-01,-9.092753e-01,-2.571892e-01,+2.916869e-01,+4.173486e-01
276,+1.296121e-01,+7.322903e-01,+3.837282e-01,+6.917307e-01,+3.511684e-02,+4.458234e-01,-5.120265e-01,+5.971628e-01,-8.921005e-01,-2.621529e-01,+2.933227e-01,+4.056025e-01
277,+1.296121e-01,+7.393900e-01,+3.968006e-01,+7.013993e-01,+4.771916e-02,+4.670562e-01,-5.027693e-01,+5.969047e-01,-8.738564e-01,-2.675540e-01,+2.932090e-01,+3.924158e-01
278,+1.106906e-01,+7.457428e-01,+4.094946e-01,+7.104507e-01,+6.002615e-02,+4.875308e-01,-4.922456e-01,+5.961713e-01,-8.543677e-01,-2.735493e-01,+2.917741e-01,+3.777388e-01
279,+9.176916e-02,+7.513438e-01,+4.218253e-01,+7.189002e-01,+7.201134e-02,+5.072509e-01,-4.804938e-01,+5.952783e-01,-8.337242e-01,-2.798589e-01,+2.885996e-01,+3.617150e-01
280,+7.284768e-02,+7.562470e-01,+4.337907e-01,+7.267474e-01,+8.370312e-02,+5.262522e-01,-4.675331e-01,+5.939401e-01,-8.117564e-01,-2.863829e-01,+2.845412e-01,+3.446038e-01
281,+5.392621e-02,+7.604487e-01,+4.453727e-01,+7.339938e-01,+9.509772e-02,+5.444951e-01,-4.532854e-01,+5.921228e-01,-7.888904e-01,-2.927382e-01,+2.791023e-01,+3.262926e-01
282,+5.392621e-02,+7.639991e-01,+4.565928e-01,+7.406508e-01,+1.061971e-01,+5.620236e-01,-4.378421e-01,+5.899688e-01,-7.650190e-01,-2.995372e-01,+2.724929e-01,+3.067303e-01
283,+3.500473e-02,+7.668941e-01,+4.674385e-01,+7.467274e-01,+1.170133e-01,+5.788463e-01,-4.212218e-01,+5.875539e-01,-7.400108e-01,-3.067796e-01,+2.640785e-01,+2.862087e-01
284,+3.500473e-02,+7.692120e-01,+4.779322e-01,+7.522581e-01,+1.275589e-01,+5.949960e-01,-4.032959e-01,+5.847338e-01,-7.141667e-01,-3.137266e-01,+2.551125e-01,+2.647992e-01
285,+1.608325e-02,+7.709169e-01,+4.880494e-01,+7.572017e-01,+1.378296e-01,+6.104134e-01,-3.843298e-01,+5.815946e-01,-6.875054e-01,-3.208527e-01,+2.444849e-01,+2.423028e-01
286,+1.608325e-02,+7.720698e-01,+4.978158e-01,+7.615992e-01,+1.478349e-01,+6.251701e-01,-3.640860e-01,+5.783439e-01,-6.601908e-01,-3.285351e-01,+2.331525e-01,+2.189399e-01
287,-2.838221e-03,+7.726900e-01,+5.072141e-01,+7.654405e-01,+1.575659e-01,+6.392942e-01,-3.428153e-01,+5.746075e-01,-6.320795e-01,-3.355190e-01,+2.203190e-01,+1.947835e-01
288,-2.175970e-02,+7.728168e-01,+5.162578e-01,+7.687282e-01,+1.670483e-01,+6.527259e-01,-3.204917e-01,+5.704026e-01,-6.033320e-01,-3.429040e-01,+2.064830e-01,+1.699465e-01
289,-2.175970e-02,+7.724682e-01,+5.249508e-01,+7.714770e-01,+1.762796e-01,+6.655625e-01,-2.970000e-01,+5.658162e-01,-5.740401e-01,-3.504960e-01,+1.914656e-01,+1.445360e-01
290,-2.175970e-02,+7.716842e-01,+5.333041e-01,+7.737275e-01,+1.852830e-01,+6.778173e-01,-2.723537e-01,+5.612518e-01,-5.440749e-01,-3.577135e-01,+1.756237e-01,+1.186832e-01
291,-4.068117e-02,+7.704643e-01,+5.413313e-01,+7.754777e-01,+1.940561e-01,+6.895154e-01,-2.466824e-01,+5.562505e-01,-5.136117e-01,-3.643490e-01,+1.588327e-01,+9.225937e-02
292,-4.068117e-02,+7.688460e-01,+5.490156e-01,+7.767126e-01,+2.026071e-01,+7.006717e-01,-2.201752e-01,+5.510495e-01,-4.825109e-01,-3.714809e-01,+1.411766e-01,+6.553203e-02
293,-4.068117e-02,+7.668603e-01,+5.563743e-01,+7.774535e-01,+2.109509e-01,+7.112581e-01,-1.926583e-01,+5.457530e-01,-4.512022e-01,-3.781980e-01,+1.229032e-01,+3.845302e-02
294,-4.068117e-02,+7.644967e-01,+5.634117e-01,+7.777138e-01,+2.190760e-01,+7.213049e-01,-1.643481e-01,+5.399258e-01,-4.197919e-01,-3.843343e-01,+1.039385e-01,+1.108719e-02
295,-4.068117e-02,+7.617683e-01,+5.701171e-01,+7.774778e-01,+2.269936e-01,+7.308479e-01,-1.353056e-01,+5.339108e-01,-3.881756e-01,-3.906300e-01,+8.436250e-02,-1.649085e-02
296,-4.068117e-02,+7.587391e-01,+5.765251e-01,+7.768014e-01,+2.347241e-01,+7.399346e-01,-1.053053e-01,+5.277985e-01,-3.563296e-01,-3.962452e-01,+6.412119e-02,-4.407770e-02
297,-4.068117e-02,+7.554234e-01,+5.826176e-01,+7.756657e-01,+2.422494e-01,+7.485829e-01,-7.456749e-02,+5.211897e-01,-3.242726e-01,-4.017615e-01,+4.328004e-02,-7.185344e-02
298,-4.068117e-02,+7.518120e-01,+5.884235e-01,+7.740778e-01,+2.496142e-01,+7.567895e-01,-4.326566e-02,+5.142986e-01,-2.918858e-01,-4.062721e-01,+2.204898e-02,-9.966211e-02
299,-4.068117e-02,+7.479170e-01,+5.939240e-01,+7.720499e-01,+2.567993e-01,+7.645457e-01,-1.128011e-02,+5.067373e-01,-2.594722e-01,-4.113599e-01,-1.362670e-05,-1.273650e-01
300,-4.068117e-02,+7.437661e-01,+5.991441e-01,+7.695932e-01,+2.638219e-01,+7.719212e-01,+2.125435e-02,+4.989057e-01,-2.273031e-01,-4.156659e-01,-2.259781e-02,-1.549801e-01
301,-2.175970e-02,+7.393955e-01,+6.040850e-01,+7.667327e-01,+2.706961e-01,+7.789546e-01,+5.428490e-02,+4.908268e-01,-1.948365e-01,-4.187655e-01,-4.465035e-02,-1.825437e-01
302,-2.175970e-02,+7.348223e-01,+6.087480e-01,+7.634612e-01,+2.774168e-01,+7.856404e-01,+8.780189e-02,+4.825278e-01,-1.623691e-01,-4.215272e-01,-6.726998e-02,-2.099139e-01
303,-2.175970e-02,+7.300062e-01,+6.131434e-01,+7.597749e-01,+2.839696e-01,+7.919610e-01,+1.214957e-01,+4.732821e-01,-1.304255e-01,-4.243918e-01,-9.054674e-02,-2.371019e-01
304,-2.175970e-02,+7.249812e-01,+6.172855e-01,+7.557241e-01,+2.903975e-01,+7.979600e-01,+1.556517e-01,+4.640735e-01,-9.878558e-02,-4.263721e-01,-1.135781e-01,-2.640888e-01
305,-2.175970e-02,+7.197857e-01,+6.211745e-01,+7.513025e-01,+2.966923e-01,+8.036608e-01,+1.900686e-01,+4.541348e-01,-6.721235e-02,-4.275612e-01,-1.365471e-01,-2.905407e-01
306,-2.838221e-03,+7.144404e-01,+6.248536e-01,+7.465471e-01,+3.029035e-01,+8.091206e-01,+2.248240e-01,+4.444830e-01,-3.575626e-02,-4.283343e-01,-1.594469e-01,-3.164334e-01
307,-2.838221e-03,+7.089199e-01,+6.282854e-01,+7.414390e-01,+3.089760e-01,+8.143262e-01,+2.596904e-01,+4.343121e-01,-4.544670e-03,-4.280876e-01,-1.823646e-01,-3.419492e-01
308,-2.838221e-03,+7.032416e-01,+6.314630e-01,+7.359802e-01,+3.149284e-01,+8.192629e-01,+2.945000e-01,+4.235183e-01,+2.611812e-02,-4.277067e-01,-2.050353e-01,-3.670130e-01
309,+1.608325e-02,+6.974135e-01,+6.344354e-01,+7.301952e-01,+3.207798e-01,+8.239407e-01,+3.292818e-01,+4.118698e-01,+5.640415e-02,-4.263014e-01,-2.276390e-01,-3.916210e-01
310,+1.608325e-02,+6.914192e-01,+6.371906e-01,+7.240883e-01,+3.265357e-01,+8.284002e-01,+3.638664e-01,+4.000276e-01,+8.625212e-02,-4.245309e-01,-2.499501e-01,-4.157066e-01
311,+1.608325e-02,+6.852860e-01,+6.397566e-01,+7.176988e-01,+3.322110e-01,+8.326704e-01,+3.983626e-01,+3.878918e-01,+1.154449e-01,-4.217031e-01,-2.718294e-01,-4.392044e-01
312,+3.500473e-02,+6.790620e-01,+6.421327e-01,+7.110228e-01,+3.378099e-01,+8.367380e-01,+4.326641e-01,+3.757861e-01,+1.442468e-01,-4.176913e-01,-2.931259e-01,-4.620539e-01
313,+5.392621e-02,+6.726930e-01,+6.442995e-01,+7.040701e-01,+3.433011e-01,+8.406049e-01,+4.665946e-01,+3.625471e-01,+1.724207e-01,-4.137903e-01,-3.140642e-01,-4.842339e-01
314,+5.392621e-02,+6.662175e-01,+6.462931e-01,+6.968511e-01,+3.487324e-01,+8.442874e-01,+5.000415e-01,+3.491968e-01,+1.998274e-01,-4.098016e-01,-3.348393e-01,-5.056654e-01
315,+7.284768e-02,+6.596394e-01,+6.481113e-01,+6.894309e-01,+3.541081e-01,+8.477799e-01,+5.332757e-01,+3.354003e-01,+2.267052e-01,-4.038430e-01,-3.547929e-01,-5.263915e-01
316,+7.284768e-02,+6.529567e-01,+6.497685e-01,+6.817700e-01,+3.594228e-01,+8.510930e-01,+5.659262e-01,+3.210765e-01,+2.529144e-01,-3.981641e-01,-3.743199e-01,-5.464463e-01
317,+7.284768e-02,+6.462351e-01,+6.512901e-01,+6.739292e-01,+3.647004e-01,+8.542947e-01,+5.981129e-01,+3.066732e-01,+2.784162e-01,-3.910052e-01,-3.929056e-01,-5.654801e-01
318,+9.176916e-02,+6.394066e-01,+6.526627e-01,+6.658869e-01,+3.699229e-01,+8.573579e-01,+6.294925e-01,+2.918672e-01,+3.032765e-01,-3.836618e-01,-4.107689e-01,-5.838296e-01
319,+1.106906e-01,+6.325199e-01,+6.538932e-01,+6.576819e-01,+3.751239e-01,+8.602872e-01,+6.601114e-01,+2.768100e-01,+3.274207e-01,-3.754196e-01,-4.279560e-01,-6.012445e-01
320,+1.296121e-01,+6.255846e-01,+6.549888e-01,+6.493329e-01,+3.802924e-01,+8.630581e-01,+6.899774e-01,+2.614711e-01,+3.506719e-01,-3.663617e-01,-4.443203e-01,-6.176880e-01
321,+1.296121e-01,+6.185507e-01,+6.559481e-01,+6.408274e-01,+3.854360e-01,+8.656400e-01,+7.187848e-01,+2.453712e-01,+3.728230e-01,-3.574752e-01,-4.601019e-01,-6.332521e-01
322,+1.485336e-01,+6.115134e-01,+6.568097e-01,+6.322209e-01,+3.905772e-01,+8.681263e-01,+7.466473e-01,+2.290643e-01,+3.942792e-01,-3.478086e-01,-4.748685e-01,-6.478109e-01
323,+1.674551e-01,+6.044478e-01,+6.575767e-01,+6.235167e-01,+3.957161e-01,+8.705092e-01,+7.734663e-01,+2.125803e-01,+4.148426e-01,-3.376385e-01,-4.887117e-01,-6.611927e-01
324,+1.674551e-01,+5.973622e-01,+6.582305e-01,+6.147398e-01,+4.008414e-01,+8.727223e-01,+7.991040e-01,+1.958835e-01,+4.344136e-01,-3.266217e-01,-5.015351e-01,-6.736852e-01
325,+2.052980e-01,+5.902708e-01,+6.588148e-01,+6.059208e-01,+4.059947e-01,+8.748333e-01,+8.236454e-01,+1.790335e-01,+4.530078e-01,-3.149836e-01,-5.132781e-01,-6.849130e-01
326,+2.052980e-01,+5.832004e-01,+6.593044e-01,+5.970756e-01,+4.111503e-01,+8.768219e-01,+8.468267e-01,+1.618504e-01,+4.704762e-01,-3.035699e-01,-5.239966e-01,-6.950735e-01
327,+2.431410e-01,+5.761314e-01,+6.597134e-01,+5.881923e-01,+4.162986e-01,+8.786403e-01,+8.685496e-01,+1.441568e-01,+4.867524e-01,-2.927461e-01,-5.340629e-01,-7.042698e-01
328,+2.620624e-01,+5.691251e-01,+6.600544e-01,+5.793197e-01,+4.214834e-01,+8.803436e-01,+8.888319e-01,+1.261760e-01,+5.020290e-01,-2.811893e-01,-5.424778e-01,-7.123319e-01
329,+2.809839e-01,+5.621518e-01,+6.603294e-01,+5.704725e-01,+4.266982e-01,+8.818973e-01,+9.075465e-01,+1.078483e-01,+5.158285e-01,-2.693552e-01,-5.504016e-01,-7.191890e-01
330,+2.999054e-01,+5.552413e-01,+6.605647e-01,+5.616806e-01,+4.319622e-01,+8.833278e-01,+9.247287e-01,+8.937266e-02,+5.284543e-01,-2.570950e-01,-5.570928e-01,-7.248514e-01
331,+3.188269e-01,+5.484287e-01,+6.607581e-01,+5.529657e-01,+4.372802e-01,+8.846398e-01,+9.403391e-01,+7.119283e-02,+5.399238e-01,-2.445837e-01,-5.623394e-01,-7.293006e-01
332,+3.377483e-01,+5.417025e-01,+6.609240e-01,+5.443463e-01,+4.426539e-01,+8.857783e-01,+9.543075e-01,+5.290795e-02,+5.502953e-01,-2.324655e-01,-5.668518e-01,-7.324925e-01
333,+3.755913e-01,+5.351382e-01,+6.610575e-01,+5.358492e-01,+4.481111e-01,+8.867900e-01,+9.664529e-01,+3.502564e-02,+5.595136e-01,-2.201720e-01,-5.697833e-01,-7.343005e-01
334,+3.945128e-01,+5.287005e-01,+6.611608e-01,+5.274998e-01,+4.536190e-01,+8.876445e-01,+9.767493e-01,+1.679753e-02,+5.675071e-01,-2.080870e-01,-5.719271e-01,-7.347316e-01
335,+4.134342e-01,+5.224221e-01,+6.612557e-01,+5.193002e-01,+4.592189e-01,+8.883691e-01,+9.854015e-01,-1.163692e-03,+5.741490e-01,-1.955877e-01,-5.724801e-01,-7.337471e-01
336,+4.512772e-01,+5.162961e-01,+6.613257e-01,+5.112831e-01,+4.648953e-01,+8.889195e-01,+9.919570e-01,-1.955908e-02,+5.792321e-01,-1.835812e-01,-5.723183e-01,-7.315615e-01
337,+4.701987e-01,+5.104006e-01,+6.614052e-01,+5.034846e-01,+4.706666e-01,+8.892839e-01,+9.966074e-01,-3.757574e-02,+5.833184e-01,-1.720156e-01,-5.706149e-01,-7.278478e-01
338,+5.269631e-01,+5.046984e-01,+6.614797e-01,+4.958883e-01,+4.765367e-01,+8.894594e-01,+9.993294e-01,-5.538804e-02,+5.859685e-01,-1.612127e-01,-5.680131e-01,-7.229608e-01
339,+5.458846e-01,+4.992522e-01,+6.615540e-01,+4.885442e-01,+4.825050e-01,+8.894616e-01,+1.000000e+00,-7.319069e-02,+5.871745e-01,-1.497663e-01,-5.642278e-01,-7.164115e-01
340,+5.837275e-01,+4.940381e-01,+6.616300e-01,+4.814488e-01,+4.885669e-01,+8.892615e-01,+9.985108e-01,-9.118930e-02,+5.869085e-01,-1.393758e-01,-5.591892e-01,-7.086490e-01
341,+6.215705e-01,+4.891082e-01,+6.617183e-01,+4.746483e-01,+4.947503e-01,+8.888619e-01,+9.951787e-01,-1.087056e-01,+5.853478e-01,-1.299113e-01,-5.528827e-01,-6.995049e-01
342,+6.594134e-01,+4.844675e-01,+6.618056e-01,+4.681447e-01,+5.010304e-01,+8.882542e-01,+9.896050e-01,-1.262072e-01,+5.823820e-01,-1.204972e-01,-5.455247e-01,-6.890085e-01
343,+7.161779e-01,+4.801189e-01,+6.619240e-01,+4.619500e-01,+5.074222e-01,+8.874064e-01,+9.819237e-01,-1.432026e-01,+5.779729e-01,-1.116014e-01,-5.371337e-01,-6.770731e-01
344,+7.540208e-01,+4.761049e-01,+6.620593e-01,+4.560811e-01,+5.139336e-01,+8.863124e-01,+9.722251e-01,-1.599981e-01,+5.724390e-01,-1.033099e-01,-5.275938e-01,-6.637265e-01
345,+8.107852e-01,+4.724063e-01,+6.622001e-01,+4.505550e-01,+5.205577e-01,+8.849592e-01,+9.603678e-01,-1.766764e-01,+5.653816e-01,-9.560382e-02,-5.167823e-01,-6.490048e-01
346,+8.297067e-01,+4.690144e-01,+6.623522e-01,+4.453720e-01,+5.272874e-01,+8.833492e-01,+9.464540e-01,-1.935397e-01,+5.568339e-01,-8.921397e-02,-5.054979e-01,-6.331253e-01
347,+8.864711e-01,+4.660365e-01,+6.625281e-01,+4.405927e-01,+5.341612e-01,+8.814842e-01,+9.306095e-01,-2.095133e-01,+5.473290e-01,-8.282243e-02,-4.926668e-01,-6.157791e-01
348,+9.621570e-01,+4.634236e-01,+6.627202e-01,+4.361743e-01,+5.411374e-01,+8.793561e-01,+9.126015e-01,-2.245779e-01,+5.361778e-01,-7.736166e-02,-4.788331e-01,-5.972340e-01
349,+1.000000e+00,+4.611832e-01,+6.629336e-01,+4.321429e-01,+5.482064e-01,+8.769046e-01,+8.925309e-01,-2.396353e-01,+5.237546e-01,-7.271975e-02,-4.640315e-01,-5.773214e-01
350,+1.000000e+00,+4.593093e-01,+6.631377e-01,+4.284850e-01,+5.553746e-01,+8.741518e-01,+8.703007e-01,-2.543129e-01,+5.100162e-01,-6.890101e-02,-4.483722e-01,-5.561624e-01
351,+1.000000e+00,+4.578741e-01,+6.633758e-01,+4.252528e-01,+5.626644e-01,+8.711013e-01,+8.463592e-01,-2.682516e-01,+4.953036e-01,-6.490241e-02,-4.316051e-01,-5.335844e-01
352,+8.864711e-01,+4.568062e-01,+6.636060e-01,+4.224378e-01,+5.700480e-01,+8.677029e-01,+8.203293e-01,-2.818854e-01,+4.793019e-01,-6.264608e-02,-4.140626e-01,-5.098517e-01
353,+7.918638e-01,+4.561425e-01,+6.638493e-01,+4.200138e-01,+5.775139e-01,+8.639389e-01,+7.926295e-01,-2.948774e-01,+4.622474e-01,-6.111736e-02,-3.957548e-01,-4.851843e-01
354,+7.161779e-01,+4.558873e-01,+6.640748e-01,+4.180164e-01,+5.850511e-01,+8.598325e-01,+7.630917e-01,-3.073867e-01,+4.441300e-01,-6.015827e-02,-3.763730e-01,-4.592414e-01
355,+6.404920e-01,+4.560200e-01,+6.642969e-01,+4.164054e-01,+5.926646e-01,+8.553297e-01,+7.318013e-01,-3.195423e-01,+4.245665e-01,-6.001816e-02,-3.563125e-01,-4.325088e-01
356,+5.648061e-01,+4.565528e-01,+6.645090e-01,+4.151808e-01,+6.003320e-01,+8.504314e-01,+6.988386e-01,-3.312603e-01,+4.039856e-01,-6.042992e-02,-3.353204e-01,-4.046636e-01
357,+4.891202e-01,+4.574848e-01,+6.647017e-01,+4.143876e-01,+6.080527e-01,+8.451489e-01,+6.642901e-01,-3.417440e-01,+3.825955e-01,-6.166862e-02,-3.138472e-01,-3.758542e-01
358,+4.323557e-01,+4.588160e-01,+6.648740e-01,+4.140005e-01,+6.158214e-01,+8.394641e-01,+6.282741e-01,-3.515310e-01,+3.603518e-01,-6.310960e-02,-2.919657e-01,-3.460058e-01
359,+3.945128e-01,+4.605557e-01,+6.650186e-01,+4.140026e-01,+6.236317e-01,+8.333927e-01,+5.910888e-01,-3.604785e-01,+3.375751e-01,-6.528278e-02,-2.690534e-01,-3.153188e-01
